DBN,School Name,School Pupil-Teacher Ratio
15K001,P.S. 001 THE BERGEN,13.4
12X691,BRONX LITTLE SCHOOL,12
11X567,LINDEN TREE ELEMENTARY SCHOOL,16.9
09X555,MOUNT EDEN CHILDREN'S ACADEMY,18.1
12X536,PS 536,14.8
12X531,ARCHER ELEMENTARY SCHOOL,13.7
11X483,P.S. 483,14.3
11X481,P.S. 481,14.1
12X463,URBAN SCHOLARS COMMUNITY SCHOOL,13.8
12X458,SAMARA COMMUNITY SCHOOL,19
09X457,SHERIDAN ACADEMY FOR YOUNG LEADERS,14.9
09X449,GRANT AVENUE ELEMENTARY SCHOOL,12.8
09X443,THE FAMILY SCHOOL,11.3
10X396,P.S. 396,6
08X392,BRONX DELTA SCHOOL,13.1
10X386,SCHOOL FOR ENVIRONMENTAL CITIZENSHIP,14.1
07X385,PERFORMANCE SCHOOL,7.4
10X382,"ELEMENTARY SCHOOL FOR MATH, SCIENCE, AND TECHNOLOGY",14.1
07X369,YOUNG LEADERS ELEMENTARY SCHOOL,9.8
10X360,P.S. 360,14
07X359,CONCOURSE VILLAGE ELEMENTARY SCHOOL,9.8
11X357,YOUNG VOICES ACADEMY OF THE BRONX,13.6
10X344,AMPARK NEIGHBORHOOD,18.5
10X340,P.S. 340,12.3
08X335,THE ACADEMY OF THE ARTS,13
08X333,P.S. 333 - THE MUSEUM SCHOOL,14.1
12X314,FAIRMONT NEIGHBORHOOD SCHOOL,10.3
09X311,LUCERO ELEMENTARY SCHOOL,13.1
10X310,P.S. 310 MARBLE HILL,14.5
10X307,LUISA PINEIRO FUENTES SCHOOL OF SCIENCE AND DISCOVERY,13.5
10X306,P.S. 306,13.5
08X304,P.S. 304 EARLY CHILDHOOD SCHOOL,15.6
12X300,THE SCHOOL OF SCIENCE AND APPLIED LEARNING,12.9
09X294,THE WALTON AVENUE SCHOOL,12.9
10X291,P.S. 291,15.2
07X277,P.S. 277,12.3
09X274,THE NEW AMERICAN ACADEMY AT ROBERTO CLEMENTE STATE PARK,17.3
10X246,P.S. 246 POE CENTER,13.1
09X236,P.S. 236 LANGSTON HUGHES,12.1
09X230,P.S. 230 DR ROLAND N. PATTERSON,7.4
10X226,P.S. 226,15.6
10X209,P.S. 209,11.3
10X207,P.S. 207,13.6
10X205,P.S. 205 FIORELLO LAGUARDIA,14.5
09X204,P.S. 204 MORRIS HEIGHTS,15.9
09X199,P.S. 199X - THE SHAKESPEARE SCHOOL,15.1
12X196,P.S. 196,14.5
12X195,P.S. 195,15.5
11X189,CORNERSTONE ACADEMY FOR SOCIAL ACTION,12.7
08X182,P.S. 182,15.6
07X179,P.S. 179,12.4
11X178,P.S. 178 - DR. SELMAN WAKSMAN,13
09X170,P.S. 170,14.4
11X169,BAYCHESTER ACADEMY,17.6
09X163,P.S. 163 ARTHUR A. SCHOMBURG,13.3
07X161,P.S. 161 PONCE DE LEON,13.9
11X160,P.S. 160 WALT DISNEY,11.5
10X159,P.S. 159 LUIS MUNOZ MARIN BILING,11.8
07X157,P.S. 157 GROVE HILL,12.7
07X154,P.S. 154 JONATHAN D. HYATT,11.3
11X153,P.S. 153 HELEN KELLER,15.5
08X152,P.S. 152 EVERGREEN,13.9
12X150,P.S. 150 CHARLES JAMES FOX,15.4
08X146,P.S. 146 EDWARD COLLINS,13.4
08X140,P.S. X140 THE EAGLE SCHOOL,15
08X138,P.S. 138 SAMUEL RANDALL,15.7
12X134,P.S. 134 GEORGE F. BRISTOW,17.5
09X132,P.S. 132 GARRET A. MORGAN,11.6
08X130,P.S. 130 ABRAM STEVENS HEWITT,12.9
09X126,P.S. 126 DR MARJORIE H DUNBAR,14.9
11X121,P.S. 121 THROOP,15.6
08X119,P.S. 119,15
09X114,P.S. X114 - LUIS LLORENS TORRES SCHOOLS,15.4
11X112,P.S. 112 BRONXWOOD,15.7
11X111,P.S. 111 SETON FALLS,14.6
09X110,P.S. 110 THEODORE SCHOENFELD,14.4
09X109,P.S. 109 SEDGWICK,15.2
11X108,P.S. 108 PHILIP J. ABINANTI,13.8
08X107,P.S. 107,14.2
11X106,P.S. 106 PARKCHESTER,16.2
11X105,P.S. 105 SEN ABRAHAM BERNSTEIN,14.1
11X103,P.S. 103 HECTOR FONTANEZ,15
08X100,P.S. 100 ISAAC CLASON,14.8
11X097,P.S. 097 BRONX,13.7
11X096,P.S. 096 RICHARD RODGERS,14.4
10X094,P.S. 094 KINGS COLLEGE SCHOOL,12.3
08X093,P.S. 093 ALBERT G. OLIVER,13.6
12X092,P.S. 092 BRONX,12.3
10X091,P.S. 091 BRONX,14.2
09X088,P.S. X088 - S. SILVERSTEIN LITTLE SPARROW SCHOOL,11.5
11X087,P.S. 087 BRONX,17.4
10X085,P.S. 085 GREAT EXPECTATIONS,12.2
10X081,P.S. 081 ROBERT J. CHRISTEN,14.7
11X078,P.S. 078 ANNE HUTCHINSON,15.1
10X077,BEDFORD PARK ELEMENTARY SCHOOL,15.9
11X076,P.S. 076 THE BENNINGTON SCHOOL,15.2
08X075,P.S. 75 SCHOOL OF RESEARCH AND DISCOVERY,15.6
09X073,P.S. 073 BRONX,15.4
08X072,P.S. 072 DR. WILLIAM DORNEY,16
09X070,P.S. 070 MAX SCHOENFELD,16.4
08X069,P.S. 069 JOURNEY PREP SCHOOL,15.2
11X068,P.S. 068 BRONX,9.1
12X067,P.S. 067 MOHEGAN SCHOOL,13.5
12X066,P.S. 066 SCHOOL OF HIGHER EXPECTATIONS,12.5
07X065,P.S. 065 MOTHER HALE ACADEMY,11.9
09X064,P.S. 064 PURA BELPRE,9.6
09X063,P.S. 063 AUTHOR'S ACADEMY,13.1
08X062,P.S. 062 INOCENSIO CASANOVA,13.6
12X061,P.S. 061 FRANCISCO OLLER,15.2
10X059,P.S. 059 THE COMMUNITY SCHOOL OF TECHNOLOGY,12.5
09X058,P.S. 058,15
12X057,P.S. 057 CRESCENT,14.6
10X056,P.S. 056 NORWOOD HEIGHTS,17
09X055,P.S. 055 BENJAMIN FRANKLIN,16.8
10X054,P.S. / I.S. 54,15.6
09X053,P.S. 053 BASHEER QUISIM,15.1
10X051,P.S. 051 BRONX NEW SCHOOL,16
12X050,P.S. 050 CLARA BARTON,5.3
07X049,P.S. 049 WILLIS AVENUE,12.1
08X048,P.S. 048 JOSEPH R. DRAKE,12.4
12X047,P.S. 047 JOHN RANDOLPH,15.4
10X046,P.S. 046 EDGAR ALLAN POE,13.4
12X044,P.S. 044 DAVID C. FARRAGUT,10.8
07X043,P.S. 043 JONAS BRONCK,13.8
09X042,P.S. 042 CLAREMONT,12
11X041,P.S. 041 GUN HILL ROAD,16
08X036,P.S. 036 UNIONPORT,13.6
09X035,P.S. 035 FRANZ SIEGEL,14.4
10X033,P.S. 033 TIMOTHY DWIGHT,15
10X032,P.S. 032 BELMONT,12.9
07X030,P.S. 030 WILTON,14.4
09X028,P.S. 028 MOUNT HOPE,14.7
07X025,P.S. 025 BILINGUAL SCHOOL,11.6
10X024,P.S. 024 SPUYTEN DUYVIL,16.8
10X023,P.S. 023 THE NEW CHILDREN'S SCHOOL,12.3
11X021,P.S. 021 PHILIP H. SHERIDAN,16.9
07X018,P.S. 018 JOHN PETER ZENGER,13
11X016,P.S. 016 WAKEFIELD,13.2
08X014,P.S. X014 SENATOR JOHN CALANDRA,14.4
09X011,P.S. 011 HIGHBRIDGE,13.1
10X009,P.S. 9 RYER AVENUE ELEMENTARY SCHOOL,14.5
10X008,P.S. 008 ISSAC VARIAN,13.5
10X007,MILTON FEIN SCHOOL,16.3
12X006,P.S. 006 WEST FARMS,13.5
09X004,P.S./M.S. 004 CROTONA PARK WEST,13.2
07X001,P.S. 001 COURTLANDT SCHOOL,13.3
31R078,PS 78,13.4
31R074,P.S. 74 FUTURE LEADERS ELEMENTARY SCHOOL,11.9
31R069,P.S. 069 DANIEL D. TOMPKINS,10.4
31R065,P.S. 65 THE ACADEMY OF INNOVATIVE LEARNING,14.5
31R062,P.S. 62,11.2
31R060,P.S. 060 ALICE AUSTEN,15.4
31R059,THE HARBOR VIEW SCHOOL,12.7
31R058,SPACE SHUTTLE COLUMBIA SCHOOL,16.1
31R057,P.S. 057 HUBERT H. HUMPHREY,15.1
31R056,P.S. 56 THE LOUIS DESARIO SCHOOL,14.2
31R055,P.S. 055 HENRY M. BOEHM,15.7
31R054,P.S. 054 CHARLES W. LENG,15.6
31R053,P.S. 053 BAY TERRACE,16.6
31R052,P.S. 052 JOHN C. THOMPSON,14.1
31R050,P.S. 050 FRANK HANKINSON,16.7
31R046,P.S. 046 ALBERT V. MANISCALCO,11.8
31R045,P.S. 045 JOHN TYLER,16.6
31R044,P.S. 044 THOMAS C. BROWN,14.7
31R042,P.S. 042 ELTINGVILLE,18.3
31R041,P.S. 041 NEW DORP,15.8
31R039,P.S. 39 FRANCIS J. MURPHY JR.,16.9
31R038,P.S. 038 GEORGE CROMWELL,13.6
31R036,P.S. 036 J. C. DRUMGOOLE,17.2
31R035,P.S. 35 THE CLOVE VALLEY SCHOOL,16.3
31R032,P.S. 032 THE GIFFORD SCHOOL,18.2
31R031,P.S. 031 WILLIAM T. DAVIS,14
31R030,P.S. 030 WESTERLEIGH,14.9
31R029,P.S. 029 BARDWELL,18.4
31R028,THE EAGLE ACADEMY FOR YOUNG MEN OF STATEN ISLAND,11.9
31R026,P.S. 026 THE CARTERET SCHOOL,12.8
31R023,P.S. 023 RICHMONDTOWN,13.7
31R022,P.S. 022 GRANITEVILLE,18
31R021,P.S. 21 MARGARET EMERY-ELM PARK,13
31R020,P.S. 020 PORT RICHMOND,12.6
31R019,P.S. 019 THE CURTIS SCHOOL,17.2
31R018,P.S. 018 JOHN G. WHITTIER,12.6
31R016,P.S. 016 JOHN J. DRISCOLL,13.2
31R013,P.S. 013 M. L. LINDEMEYER,15
31R011,P.S. 11 THOMAS DONGAN SCHOOL,12.9
31R010,FORT HILL COLLABORATIVE ELEMENTARY SCHOOL,10.6
31R009,NAPLES STREET ELEMENTARY SCHOOL,11.1
31R008,P.S. 8 SHIRLEE SOLOMON,16.2
31R006,P.S. 6 CORPORAL ALLAN F. KIVLEHAN SCHOOL,14.7
31R005,P.S. 005 HUGUENOT,12.3
31R004,P.S. 004 MAURICE WOLLIN,9.5
31R003,P.S. 003 THE MARGARET GIOIOSA SCHOOL,16.8
31R001,P.S. 001 TOTTENVILLE,13.1
24Q877,THE 51 AVENUE ACADEMY (THE PATH TO ACADEMIC EXCELLENCE),15.2
27Q362,WAVE PREPARATORY ELEMENTARY SCHOOL,13.9
30Q361,P.S. 361,12.6
29Q360,P.S. 360,13.3
28Q354,PS 354,15
28Q349,P.S. 349,11.7
24Q343,THE CHILDREN'S LAB SCHOOL,13.1
24Q330,P.S. 330,13.6
30Q329,EAST ELMHURST COMMUNITY SCHOOL,17.6
27Q317,WATERSIDE CHILDREN'S STUDIO SCHOOL,14.4
27Q316,QUEENS EXPLORERS ELEMENTARY SCHOOL,13.3
28Q312,JAMAICA CHILDREN'S SCHOOL,10
24Q307,PIONEER ACADEMY,13.3
27Q306,NEW YORK CITY ACADEMY FOR DISCOVERY,13.3
24Q305,LEARNERS AND LEADERS,14
28Q303,THE ACADEMY FOR EXCELLENCE THROUGH THE ARTS,16.9
24Q290,A.C.E. ACADEMY FOR SCHOLARS AT THE GERALDINE FERRARO CAMPUS,15.6
30Q280,P.S. 280,16.8
27Q273,P.S. 273,13.6
27Q254,P.S. 254 - THE ROSA PARKS SCHOOL,16.3
27Q253,P.S. 253,13.9
29Q251,P.S. 251 QUEENS,13.8
25Q244,THE ACTIVE LEARNING ELEMENTARY SCHOOL,16.3
25Q242,P.S. 242 LEONARD P. STAVISKY EARLY CHILDHOOD SCHOOL,11.7
24Q239,P.S. 239,13.9
30Q234,P.S. 234,16.4
24Q229,P.S. 229 EMANUEL KAPLAN,17.9
30Q228,P.S. 228 EARLY CHILDHOOD MAGNET SCHOOL OF THE ARTS,13.2
27Q223,P.S. 223 LYNDON B. JOHNSON,15.5
30Q222,P.S. Q222 - FIRE FIGHTER CHRISTOPHER A. SANTORA SCHOOL,14.8
26Q221,P.S. 221 THE NORTH HILLS SCHOOL,17
28Q220,P.S. 220 EDWARD MANDEL,15.6
25Q214,P.S. 214 CADWALLADER COLDEN,15.6
26Q213,P.S. 213 THE CARL ULLMAN SCHOOL,16
30Q212,P.S. 212,15.9
24Q211,ELM TREE ELEMENTARY SCHOOL,11.8
25Q209,P.S. 209 CLEARVIEW GARDENS,16.7
28Q206,P.S. 206 THE HORACE HARDING SCHOOL,14.3
26Q205,P.S. 205 ALEXANDER GRAHAM BELL,15.4
26Q203,P.S. 203 OAKLAND GARDENS,19.7
25Q201,P.S. 201 THE DISCOVERY SCHOOL FOR INQUIRY AND RESEARCH,11.5
24Q199,P.S. 199 MAURICE A. FITZGERALD,16.1
27Q197,P.S. 197 THE OCEAN SCHOOL,13.4
28Q196,P.S. 196 GRAND CENTRAL PARKWAY,18.4
29Q195,P.S. 195 WILLIAM HABERLE,16.2
25Q193,P.S. 193 ALFRED J. KENNEDY,16.5
26Q191,P.S. 191 MAYFLOWER,17.3
26Q188,P.S. 188 KINGSBURY,19.2
26Q186,P.S. 186 CASTLEWOOD,6.7
25Q184,P.S. 184 FLUSHING MANOR,18.2
28Q182,P.S. 182 SAMANTHA SMITH,14.8
29Q181,P.S. 181 BROOKFIELD,15
29Q176,P.S. 176 CAMBRIA HEIGHTS,19.1
28Q175,P.S. 175 THE LYNN GROSS DISCOVERY SCHOOL,20.2
28Q174,P.S. 174 WILLIAM SIDNEY MOUNT,17
26Q173,P.S. 173 FRESH MEADOWS,17
30Q171,P.S. 171 PETER G. VAN ALST,14.1
25Q169,P.S. 169 BAY TERRACE,14.9
30Q166,P.S. 166 HENRY GRADSTEIN,17.4
25Q165,P.S. 165 EDITH K. BERGTRAUM,9.3
25Q163,P.S. 163 FLUSHING HEIGHTS,16.2
26Q162,P.S. 162 JOHN GOLDEN,17.5
28Q161,P.S. 161 ARTHUR ASHE SCHOOL,15
28Q160,P.S. 160 WALTER FRANCIS BISHOP,15.3
26Q159,P.S. 159,18
29Q156,P.S. 156 LAURELTON,11.5
27Q155,P.S. 155,17.2
25Q154,P.S. 154 QUEENS,16.6
24Q153,P.S. 153 MASPETH ELEM,16.3
30Q152,P.S. 152 GWENDOLINE N. ALLEYNE SCHOOL,16.2
30Q151,P.S. 151 MARY D. CARTER,12.3
30Q150,P.S. 150 QUEENS,18
30Q149,P.S. 149 CHRISTA MCAULIFFE,14.7
30Q148,P.S. 148 QUEENS,16.7
28Q144,P.S. 144 COL JEROMUS REMSEN,16.6
24Q143,P.S. 143 LOUIS ARMSTRONG,15.1
28Q140,P.S. 140 EDWARD K ELLINGTON,17.1
28Q139,P.S. 139 REGO PARK,17.6
29Q136,P.S. 136 ROY WILKINS,17.2
29Q135,THE BELLAIRE SCHOOL,16.7
29Q134,P.S. 134 HOLLIS,13
26Q133,P.S. 133 QUEENS,15.5
29Q132,P.S. 132 RALPH BUNCHE,14.5
29Q131,P.S. 131 ABIGAIL ADAMS,17.8
25Q130,P.S. 130,14.4
25Q129,P.S. 129 PATRICIA LARKIN,15.1
27Q123,P.S. 123,16
28Q121,P.S. 121 QUEENS,17.4
25Q120,P.S. 120 QUEENS,18.2
29Q118,P.S. 118 LORRAINE HANSBERRY,16.3
28Q117,P.S. 117 J. KELD / BRIARWOOD SCHOOL,16.7
26Q115,P.S. 115 GLEN OAKS,16.6
30Q112,P.S. 112 DUTCH KILLS,14.2
24Q110,PS 110,15.2
27Q108,P.S. 108 CAPTAIN VINCENT G. FOWLER,17.9
25Q107,P.S. 107 THOMAS A DOOLEY,16.3
27Q106,P.S. 106,10.6
27Q104,P.S. 104 THE BAYS WATER,17.1
28Q101,P.S. 101 SCHOOL IN THE GARDENS,16.7
27Q100,P.S. 100 GLEN MORRIS,15.6
28Q099,P.S. 099 KEW GARDENS,14.9
26Q098,P.S. 098 THE DOUGLASTON SCHOOL,12.5
27Q097,P.S. 097 FOREST PARK,15.9
27Q096,P.S. 096,15
29Q095,P.S. 095 EASTWOOD,16.6
26Q094,P.S. 094 DAVID D. PORTER,15.3
30Q092,P.S. 092 HARRY T. STEWART SR.,13.7
24Q091,P.S. 091 RICHARD ARKWRIGHT,15.1
27Q090,P.S. 090 HORACE MANN,16.1
24Q089,P.S. 089 ELMHURST,16.6
24Q088,P.S. 088 SENECA,15.3
28Q086,P.S. Q086,15.8
30Q085,P.S. 085 JUDGE CHARLES VALLONE,16.7
28Q082,P.S. 082 HAMMOND,15.1
24Q081,P.S. 81Q JEAN PAUL RICHTER,13.7
28Q080,PS 80 THE THURGOOD MARSHALL MAGNET SCHOOL OF MULTIMEDIA AND COMMUNICATION,13.6
25Q079,P.S. 079 FRANCIS LEWIS,19
30Q076,P.S. 076 WILLIAM HALLET,9.8
24Q071,P.S. 071 FOREST,14
30Q070,P.S. 070 QUEENS,16.1
30Q069,P.S. 069 JACKSON HEIGHTS,18.2
24Q068,P.S. 068 CAMBRIDGE,15.3
27Q066,P.S. 066 JACQUELINE KENNEDY ONASSIS,14.9
27Q065,P.S. 65 - THE RAYMOND YORK ELEMENTARY SCHOOL,15.7
27Q064,P.S. 064 JOSEPH P. ADDABBO,15.9
27Q063,P.S. 063 OLD SOUTH,17.1
27Q062,P. S. 62 - CHESTER PARK SCHOOL,17.7
27Q060,P.S. 060 WOODHAVEN,15.8
24Q058,P.S. 58 - THE SCHOOL OF HEROES,16.6
27Q056,P.S. 056 HARRY EICHLER,15.4
28Q055,P.S. 055 MAURE,16.8
28Q054,P.S. 054 HILLSIDE,14.7
29Q052,P.S. 052 QUEENS,15.9
27Q051,P.S. 051,13.8
28Q050,P.S. 050 TALFOURD LAWN ELEMENTARY SCHOOL,16.1
28Q048,P.S. 048 WILLIAM WORDSWORTH,14.2
26Q046,P.S. 046 ALLEY POND,12.1
27Q045,P.S. 045 CLARENCE WITHERSPOON,15.1
26Q041,P.S. 041 CROCHERON,14.9
28Q040,P.S. 040 SAMUEL HUNTINGTON,12.8
29Q038,P.S. 038 ROSEDALE,14.7
29Q037,CYNTHIA JENKINS SCHOOL,14.2
29Q036,P.S. 036 SAINT ALBANS SCHOOL,15.1
29Q035,P.S. 035 NATHANIEL WOODHULL,16.1
29Q034,P.S. 034 JOHN HARVARD,18.2
29Q033,P.S. 033 EDWARD M. FUNK,18.7
25Q032,P.S. 032 STATE STREET,16.6
26Q031,P.S. 031 BAYSIDE,14.8
25Q029,P.S. 029 QUEENS,15.7
24Q028,P.S. 28 - THE THOMAS EMANUEL EARLY CHILDHOOD CENTER,14.5
26Q026,P.S. 026 RUFUS KING,17
25Q024,P.S. 024 ANDREW JACKSON,17.6
25Q022,P.S. 022 THOMAS JEFFERSON,14.2
25Q021,P.S. 021 EDWARD HART,18
25Q020,P.S. 020 JOHN BOWNE,17.1
24Q019,P.S. 019 MARINO JEANTET,15.1
26Q018,P.S. 018 WINCHESTER,16.9
30Q017,P.S. 017 HENRY DAVID THOREAU,14.8
24Q016,P.S. Q016 THE NANCY DEBENEDITTIS SCHOOL,16
29Q015,P.S. 015 JACKIE ROBINSON,15.5
24Q014,P.S. 014 FAIRVIEW,18.2
24Q013,P.S. 013 CLEMENT C. MOORE,17
24Q012,P.S. 012 JAMES B. COLGATE,16.1
30Q011,P.S. 011 KATHRYN PHELAN,15.6
24Q007,P.S. 007 LOUIS F. SIMEONE,15.7
30Q002,P.S. 002 ALFRED ZIMBERG,15
04M964,CENTRAL PARK EAST II,11.3
02M527,PS 527 - EAST SIDE SCHOOL FOR SOCIAL ACTION,14.4
05M517,TEACHERS COLLEGE COMMUNITY SCHOOL,15.6
03M452,P.S. 452,13.9
02M397,SPRUCE STREET SCHOOL,14.1
04M375,MOSAIC PREPARATORY ACADEMY,10.3
06M368,HAMILTON HEIGHTS SCHOOL,13.3
01M364,EARTH SCHOOL,13.6
01M363,NEIGHBORHOOD SCHOOL,12.6
01M361,THE CHILDREN'S WORKSHOP SCHOOL,12.5
02M343,THE PECK SLIP SCHOOL,12.4
02M340,SIXTH AVENUE ELEMENTARY SCHOOL,12.2
06M325,P.S. 325,8.9
05M318,THURGOOD MARSHALL ACADEMY LOWER SCHOOL,15.1
01M315,THE EAST VILLAGE COMMUNITY SCHOOL,12.3
06M314,MUSCOTA,14.8
06M311,AMISTAD DUAL LANGUAGE SCHOOL,14.3
02M290,P.S. 290 MANHATTAN NEW SCHOOL,16.5
05M286,I.S. M286 RENAISSANCE LEADERSHIP ACADEMY,16.3
02M281,THE RIVER SCHOOL,11.4
02M267,"EAST SIDE ELEMENTARY SCHOOL, PS 267",14.1
03M256,M.S. 256 ACADEMIC & ATHLETIC EXCELLENCE,11
03M242,P.S. 242 - THE YOUNG DIPLOMATS MAGNET ACADEMY,9.3
03M241,STEM INSTITUTE OF MANHATTAN,9.7
02M234,P.S. 234 INDEPENDENCE SCHOOL,15.3
02M212,P.S. 212 MIDTOWN WEST,18.2
03M208,P.S. 208 ALAIN L. LOCKE,10.6
05M200,P.S. 200- THE JAMES MCCUNE SMITH SCHOOL,12.3
03M199,P.S. 199 JESSIE ISADOR STRAUS,19.7
02M198,P.S. 198 ISADOR E. IDA STRAUS,14.3
05M197,P.S. 197 JOHN B. RUSSWURM,10.1
05M194,P.S. 194 COUNTEE CULLEN,9.5
06M192,P.S. 192 JACOB H. SCHIFF,12.3
06M189,P.S. 189,15.7
03M185,P.S. 185 - THE EARLY CHILDHOOD DISCOVERY AND DESIGN MAGNET SCHOOL,13.2
02M183,P.S. 183 ROBERT L. STEVENSON,14.5
04M182,THE BILINGUAL BICULTURAL SCHOOL,13.6
06M178,PROFESSOR JUAN BOSCH PUBLIC SCHOOL,12.1
05M175,P.S. 175 HENRY H GARNET,15.3
06M173,P.S. 173,13.8
03M166,P.S. 166 THE RICHARD RODGERS SCHOOL OF THE ARTS AND TECHNOLOGY,15.4
03M163,P.S. 163 ALFRED E. SMITH,15.1
02M158,P.S. 158 BAYARD TAYLOR,15.8
04M155,P.S. 155 WILLIAM PACA,11.7
05M154,P.S. 154 HARRIET TUBMAN,14.9
06M153,P.S. 153 ADAM CLAYTON POWELL,16.1
06M152,P.S. 152 DYCKMAN VALLEY,15
02M151,YORKVILLE COMMUNITY SCHOOL,13.8
02M150,P.S. 150,17.9
04M146,P.S. 146 ANN M. SHORT,12
03M145,"P.S. 145, THE BLOOMINGDALE SCHOOL",10.3
01M142,P.S. 142 AMALIA CASTRO,12.4
01M137,P.S. 137 JOHN L. BERNSTEIN,10.1
01M134,P.S. 134 HENRIETTA SZOLD,9.8
05M133,P.S. 133 FRED R MOORE,9.1
06M132,P.S. 132 JUAN PABLO DUARTE,12.1
02M130,P.S. 130 HERNANDO DE SOTO,19
06M128,P.S. 128 AUDUBON,12.5
05M125,P.S. 125 RALPH BUNCHE,16.1
02M124,P.S. 124 YUNG WING,15.4
02M116,P.S. 116 MARY LINDLEY MURRAY,14.4
06M115,P.S. 115 ALEXANDER HUMBOLDT,14.6
04M112,P.S. 112 JOSE CELSO BARBOSA,6.6
02M111,P.S. 111 ADOLPH S. OCHS,11.4
01M110,P.S. 110 FLORENCE NIGHTINGALE,14.7
06M103,DOS PUENTES ELEMENTARY SCHOOL,15.6
04M102,P.S. 102 JACQUES CARTIER,11.1
06M098,P.S. 098 SHORAC KAPPOCK,14.1
05M092,P.S. 092 MARY MCLEOD BETHUNE,10.8
02M089,P.S. 89,15.3
03M087,P.S. 087 WILLIAM SHERMAN,14.4
03M084,P.S. 084 LILLIAN WEBER,16.3
04M083,P.S. 083 LUIS MUNOZ RIVERA,15.2
02M077,P.S. 77 LOWER LAB SCHOOL,20.6
03M076,P.S. 076 A. PHILIP RANDOLPH,15.9
03M075,P.S. 075 EMILY DICKINSON,9.9
01M064,P.S. 064 ROBERT SIMON,9.3
01M063,THE STAR ACADEMY - P.S.63,10.6
02M059,P.S. 059 BEEKMAN HILL INTERNATIONAL,15.5
04M057,JAMES WELDON JOHNSON,12.2
02M051,P.S. 051 ELIAS HOWE,12.4
06M048,P.S. 048 P.O. MICHAEL J. BUCZEK,12.9
02M042,P.S. 042 BENJAMIN ALTMAN,14.5
02M041,P.S. 041 GREENWICH VILLAGE,15.7
02M040,P.S. 040 AUGUSTUS SAINT-GAUDENS,16.9
04M038,P.S. 38 ROBERTO CLEMENTE,9.9
04M037,RIVER EAST ELEMENTARY,11.4
05M036,P.S. 036 MARGARET DOUGLAS,12.1
01M034,P.S. 034 FRANKLIN D. ROOSEVELT,10.9
02M033,P.S. 033 CHELSEA PREP,17.3
05M030,P.S. 030 HERNANDEZ/HUGHES,7.4
06M028,P.S. 028 WRIGHT BROTHERS,12
01M020,P.S. 020 ANNA SILVER,13.3
01M019,P.S. 019 ASHER LEVY,7
01M015,P.S. 015 ROBERTO CLEMENTE,9.2
02M011,P.S. 011 WILLIAM T. HARRIS,15
03M009,P.S. 009 SARAH ANDERSON,14.5
06M008,P.S. 008 LUIS BELLIARD,14
02M006,P.S. 006 LILLIE D. BLAKE,17.5
06M005,P.S. 005 ELLEN LURIE,13.1
06M004,P.S. 004 DUKE ELLINGTON,13.8
02M003,P.S. 003 CHARRETTE SCHOOL,15.6
02M002,P.S. 002 MEYER LONDON,11.7
02M001,P.S. 001 ALFRED E. SMITH,11.7
20K971,"SCHOOL OF MATH, SCIENCE, AND HEALTHY LIVING",11.9
15K839,M.S. 839,13.9
17K770,P.S. 770 NEW AMERICAN ACADEMY,14.7
19K760,HIGHLAND PARK COMMUNITY SCHOOL,15.9
20K748,P.S. 748 BROOKLYN SCHOOL FOR GLOBAL SCHOLARS,16
17K705,BROOKLYN ARTS AND SCIENCE ELEMENTARY SCHOOL,12.3
20K686,BROOKLYN SCHOOL OF INQUIRY,18.3
20K682,THE ACADEMY OF TALENTED SCHOLARS,6.9
19K677,EAST NEW YORK ELEMENTARY SCHOOL OF EXCELLENCE,12.2
15K676,RED HOOK NEIGHBORHOOD SCHOOL,13.7
16K636,YOUNG SCHOLARS' ACADEMY FOR DISCOVERY AND EXPLORATION,16.7
16K628,BROOKLYN BROWNSTONE SCHOOL,16.2
16K627,BRIGHTER CHOICE COMMUNITY SCHOOL,19.8
23K599,BROOKLYN LANDMARK ELEMENTARY SCHOOL,19.8
19K557,BROOKLYN GARDENS ELEMENTARY SCHOOL,12.8
17K532,NEW BRIDGES ELEMENTARY,11.7
15K516,SUNSET PARK AVENUES ELEMENTARY SCHOOL,13.8
20K506,P.S. 506: THE SCHOOL OF JOURNALISM & TECHNOLOGY,14.3
20K503,PS 503: THE SCHOOL OF DISCOVERY,12
23K446,RIVERDALE AVENUE COMMUNITY SCHOOL,13.7
15K418,THE CHILDREN'S SCHOOL,13.2
14K414,BROOKLYN ARBOR ELEMENTARY SCHOOL,14.6
23K401,CHRISTOPHER AVENUE COMMUNITY SCHOOL,14.2
17K399,P.S. 399 STANLEY EUGENE CLARK,18.9
17K398,P.S. 398 WALTER WEAVER,12.9
17K397,P.S. 397 FOSTER-LAURIE,11.8
14K380,P.S. 380 JOHN WAYNE ELEMENTARY,12.8
32K376,P.S. 376,15
17K375,P.S. 375 JACKIE ROBINSON SCHOOL,12.5
22K361,P.S. 361 EAST FLATBUSH EARLY CHILDHOOD SCHOOL,14.4
19K346,P.S. 346 ABE STARK,12.9
19K345,P.S. 345 PATROLMAN ROBERT BOLDEN,16.3
16K335,P.S. 335 GRANVILLE T. WOODS,10.8
21K329,P.S. 329 SURFSIDE,14.4
19K328,P.S. 328 PHYLLIS WHEATLEY,12.3
22K326,P.S. 326,12.9
19K325,THE FRESH CREEK SCHOOL,15.9
15K321,P.S. 321 WILLIAM PENN,18.2
14K319,P.S. 319,12.9
17K316,P.S. 316 ELIJAH STROUD,10.6
22K315,P.S. K315,15.7
22K312,P.S. 312 BERGEN BEACH,16
20K310,THE SCHOOL FOR FUTURE LEADERS,13.9
16K309,P.S. 309 THE GEORGE E. WIBECAN PREPARATORY ACADEMY,8.9
16K308,P.S. 308 CLARA CARDWELL,11.6
13K307,P.S. 307 DANIEL HALE WILLIAMS,7.8
13K305,P.S. 305 DR. PETER RAY,13.4
32K299,P.S. 299 THOMAS WARREN FIELD,12.1
23K298,P.S. 298 DR. BETTY SHABAZZ,11.2
14K297,P.S. 297 ABRAHAM STOCKTON,12.5
15K295,P.S. 295,12.2
19K290,P.S. 290 JUAN MOREL CAMPOS,14
17K289,P.S. 289 GEORGE V. BROWER,12.7
21K288,P.S. 288 THE SHIRLEY TANYHILL,15.4
13K287,P.S. 287 BAILEY K. ASHFORD,13.4
18K279,P.S. 279 HERMAN SCHREIBER,13.7
22K277,P.S. 277 GERRITSEN BEACH,14.1
18K276,P.S. 276 LOUIS MARSHALL,16
32K274,P.S. 274 KOSCIUSKO,15.9
19K273,P.S. 273 WORTMAN,11.8
18K272,P.S. 272 CURTIS ESTABROOK,13
13K270,P.S. 270 JOHANN DEKALB,13.1
22K269,P.S. 269 NOSTRAND,16.9
18K268,P.S. 268 EMMA LAZARUS,17.7
20K264,P.S. 264 BAY RIDGE ELEMENTARY SCHOOL FOR THE ARTS,14
15K261,P.S. 261 PHILIP LIVINGSTON,15.9
14K257,P.S. 257 JOHN F. HYLAN,16.3
13K256,P.S. 256 BENJAMIN BANNEKER,13.7
22K255,P.S. 255 BARBARA REING SCHOOL,13.4
22K254,P.S. 254 DAG HAMMARSKJOLD,18.9
21K253,P.S. 253,14.2
22K251,P.S. 251 PAERDEGAT,15.4
14K250,P.S. 250 GEORGE H. LINDSAY,16.5
17K249,P.S. 249 THE CATON,16.9
20K247,P.S. 247 BROOKLYN,13.9
22K245,P.S. 245,13.9
18K244,P.S. 244 RICHARD R. GREEN,10.4
16K243,P.S. 243K- THE WEEKSVILLE SCHOOL,10.4
17K241,P.S. 241 EMMA L. JOHNSTON,14.5
22K236,P.S. 236 MILL BASIN,16.4
18K233,P.S. 233 LANGSTON HUGHES,14.2
15K230,P.S. 230 DORIS L. COHEN,13.6
19K224,P.S. 224 HALE A. WOODRUFF,16.2
22K222,P.S. 222 KATHERINE R. SNYDER,12.9
17K221,P.S. 221 TOUSSAINT L'OUVERTURE,15.8
18K219,P.S. 219 KENNEDY-KING,15.6
22K217,P.S. 217 COLONEL DAVID MARCUS SCHOOL,15.5
21K216,P.S. 216 ARTURO TOSCANINI,18.1
21K215,P.S. 215 MORRIS H. WEISS,15.8
19K214,P.S. 214 MICHAEL FRIEDSAM,15.1
19K213,P.S. 213 NEW LOTS,15
21K212,P.S. 212 LADY DEBORAH MOODY,13.5
18K208,P.S. 208 ELSA EBELING,18
20K205,P.S. 205 CLARION,16.4
20K204,P.S. 204 VINCE LOMBARDI,16.1
22K203,P.S. 203 FLOYD BENNETT SCHOOL,15.8
19K202,P.S. 202 ERNEST S. JENKYNS,14.5
20K200,P.S. 200 BENSON SCHOOL,17.3
21K199,P.S. 199 FREDERICK WACHTEL,10.9
22K198,P.S. 198 BROOKLYN,12.9
22K197,P.S. 197 - THE KINGS HIGHWAY ACADEMY,13.4
14K196,P.S. 196 TEN EYCK,12.6
22K195,P.S. 195 MANHATTAN BEACH,18.7
22K194,P.S. 194 RAOUL WALLENBERG,13.1
22K193,P.S. 193 GIL HODGES,15.4
17K191,P.S. 191 PAUL ROBESON,12.9
19K190,P.S. 190 SHEFFIELD,11.1
21K188,P.S. 188 MICHAEL E. BERDY,13.5
20K186,P.S. 186 DR. IRVING A GLADSTONE,16
20K185,P.S. 185 WALTER KASSENBROCK,17
20K179,P.S. 179 KENSINGTON,14.5
21K177,P.S. 177 THE MARLBORO,15.9
20K176,P.S. 176 OVINGTON,16.6
19K174,P.S. 174 DUMONT,9.3
15K172,P.S. 172 BEACON SCHOOL OF EXCELLENCE,12.2
20K170,RALPH A. FABRIZIO SCHOOL,16.2
15K169,P.S. 169 SUNSET PARK,15.4
17K167,P.S. 167 THE PARKWAY,6.7
23K165,P.S. 165 IDA POSNER,9.5
20K164,P.S. 164 CAESAR RODNEY,13.9
17K161,P.S. 161 THE CROWN,14.6
20K160,P.S. 160 WILLIAM T. SAMPSON,14.8
19K159,P.S. 159 ISAAC PITKIN,16.3
19K158,P.S. 158 WARWICK,15.3
23K156,P.S. 156 WAVERLY,13.7
15K154,THE WINDSOR TERRACE SCHOOL,15.2
21K153,P.S. 153 HOMECREST,15.5
22K152,SCHOOL OF SCIENCE & TECHNOLOGY,14.6
32K151,P.S. 151 LYNDON B. JOHNSON,11.2
23K150,P.S. 150 CHRISTOPHER,13.8
19K149,P.S. 149 DANNY KAYE,19.2
14K147,P.S. 147 ISAAC REMSEN,12.7
15K146,P.S. 146,13.7
32K145,P.S. 145 ANDREW JACKSON,14.6
22K139,P.S. 139 ALEXINE A. FENTY,15.5
18K135,P.S. 135 SHELDON A. BROOKNER,17.2
22K134,P.S. K134,12.9
13K133,P.S. 133 WILLIAM A. BUTLER,16.8
14K132,P.S. 132 THE CONSELYEA SCHOOL,16.2
15K131,P.S. 131 BROOKLYN,14
15K130,P.S. 130 THE PARKSIDE,15.1
21K128,P.S. 128 BENSONHURST,13.3
20K127,P.S. 127 MCKINLEY PARK,14
15K124,P.S. 124 SILAS B. DUTCHER,13.6
32K123,P.S. 123 SUYDAM,13.8
14K120,P.S. 120 CARLOS TAPIA,14.9
22K119,P.S. 119 AMERSFORT,14.4
15K118,THE MAURICE SENDAK COMMUNITY SCHOOL,28.5
32K116,P.S. 116 ELIZABETH L FARRELL,14.5
18K115,P.S. 115 DANIEL MUCATEL SCHOOL,16.5
18K114,P.S. 114 RYDER ELEMENTARY,14.5
20K112,P.S. 112 LEFFERTS PARK,13.8
14K110,P.S. 110 THE MONITOR,15.9
19K108,P.S. 108 SAL ABBRACCIAMENTO,14.7
15K107,P.S. 107 JOHN W. KIMBALL,16
32K106,P.S. 106 EDWARD EVERETT HALE,14.5
20K105,P.S. 105 THE BLYTHEBOURNE,17.3
20K102,P.S. 102 THE BAYVIEW,16
21K101,P.S. 101 THE VERRAZANO,14.2
21K100,P.S. 100 THE CONEY ISLAND SCHOOL,16.8
21K097,P.S. 97 THE HIGHLAWN,13.7
15K094,P.S. 094 THE HENRY LONGFELLOW,16.4
13K093,P.S. 093 WILLIAM H. PRESCOTT,16.2
17K092,P.S. 092 ADRIAN HEGEMAN,13.9
17K091,P.S. 091 THE ALBANY AVENUE SCHOOL,13
21K090,P.S. 90 EDNA COHEN SCHOOL,14
32K086,P.S. 086 THE IRVINGTON,14.3
16K081,P.S. 081 THADDEUS STEVENS,11.5
32K075,P.S. 075 MAYDA CORTIELLA,14.4
23K073,P.S. 073 THOMAS S. BOYLAND,5.7
20K069,P.S. 69 VINCENT D. GRIPPO SCHOOL,14.5
13K067,P.S. 067 CHARLES A. DORSEY,16.2
19K065,P.S. 065,16.6
14K059,P.S. 059 WILLIAM FLOYD,14
15K058,P.S. 058 THE CARROLL,16.4
13K056,P.S. 056 LEWIS H. LATIMER,11.8
13K054,P.S. 054 SAMUEL C. BARNES,10.2
22K052,P.S. 052 SHEEPSHEAD BAY,16.9
20K048,P.S. 048 MAPLETON,15.5
13K046,P.S. 046 EDWARD C. BLUM,10.9
13K044,P.S. 044 MARCUS GARVEY,14.2
16K040,P.S. 040 GEORGE W. CARVER,14.3
15K039,P.S. 039 HENRY BRISTOW,15.2
15K038,P.S. 038 THE PACIFIC,13.7
14K034,P.S. 034 OLIVER H. PERRY,15.8
15K032,P.S. 032 SAMUEL MILLS SPROLE,8.5
14K031,P.S. 031 SAMUEL F. DUPONT,15.8
15K029,P.S. 029 JOHN M. HARRIGAN,16.8
16K028,P.S. 028 THE WARREN PREP ACADEMY,10.2
16K026,P.S. 026 JESSE OWENS,11.5
16K025,P.S. 025 EUBIE BLAKE SCHOOL,6.9
15K024,P.S. 024,11.9
14K023,P.S. 023 CARTER G. WOODSON,11.2
16K021,P.S. 021 CRISPUS ATTUCKS,15.3
13K020,P.S. 020 CLINTON HILL,15.9
14K018,P.S. 018 EDWARD BUSH,12.1
14K017,P.S. 017 HENRY D. WOODWORTH,11
14K016,P.S. 016 LEONARD DUNKLY,13
15K015,P.S. 015 PATRICK F. DALY,9.4
19K013,P.S. 013 ROBERTO CLEMENTE,16.4
17K012,DR. JACQUELINE PEEK-DAVIS SCHOOL,16.3
13K011,P.S. 011 PURVIS J. BEHAN,17.5
15K010,"MAGNET SCHOOL OF MATH, SCIENCE AND DESIGN TECHNOLOGY",15
13K009,P.S. 009 TEUNIS G. BERGEN,19
19K007,P.S. 007 ABRAHAM LINCOLN,14.9
17K006,P.S. 006,14.7
16K005,P.S. 005 DR. RONALD MCNAIR,13.9
13K003,P.S. 003 THE BEDFORD VILLAGE,13.3
02M459,MANHATTAN INTERNATIONAL HIGH SCHOOL,17.2
02M565,URBAN ACADEMY LABORATORY HIGH SCHOOL,9.5
02M570,SATELLITE ACADEMY HIGH SCHOOL,16.9
04M497,CENTRAL PARK EAST I,13.9
06M513,CASTLE BRIDGE SCHOOL,11.8
07X381,BRONX HAVEN HIGH SCHOOL,12.2
08X537,BRONX ARENA HIGH SCHOOL,12.2
12X682,FANNIE LOU HAMER FREEDOM HIGH SCHOOL,15.7
11X566,PELHAM GARDENS MIDDLE SCHOOL,13.2
08X562,BLUEPRINT MIDDLE SCHOOL,11.7
11X556,BRONX PARK MIDDLE SCHOOL,10.9
11X532,BAYCHESTER MIDDLE SCHOOL,12
11X529,ONE WORLD MIDDLE SCHOOL AT EDENWALD,9.4
11X498,PS/MS 11X498 - VAN NEST ACADEMY,16.1
11X468,PELHAM ACADEMY OF ACADEMICS AND COMMUNITY ENGAGEMENT,16.7
08X467,MOTT HALL COMMUNITY SCHOOL,14.3
11X462,CORNERSTONE ACADEMY FOR SOCIAL ACTION MIDDLE SCHOOL (CASA),17.9
10X459,EAST FORDHAM ACADEMY FOR THE ARTS,12.1
09X454,SCIENCE AND TECHNOLOGY ACADEMY: A MOTT HALL SCHOOL,12
08X448,SOUNDVIEW ACADEMY FOR CULTURE AND SCHOLARSHIP,12.4
10X447,CRESTON ACADEMY,14.4
08X424,THE HUNTS POINT SCHOOL,10
10X391,THE ANGELO PATRI MIDDLE SCHOOL,11.6
10X390,M.S. 390,15.9
12X384,ENTRADA ACADEMY,12.8
12X383,EMOLIOR ACADEMY,15
08X375,THE BRONX MATHEMATICS PREPARATORY SCHOOL,12.7
08X371,URBAN INSTITUTE OF MATHEMATICS,14.9
08X366,URBAN ASSEMBLY ACADEMY OF CIVIC ENGAGEMENT,9.5
10X363,ACADEMY FOR PERSONAL LEADERSHIP AND EXCELLENCE,8.5
09X361,THE HIGHBRIDGE GREEN SCHOOL,12.1
11X355,BRONX ALLIANCE MIDDLE SCHOOL,11.5
07X343,ACADEMY OF APPLIED MATHEMATICS AND TECHNOLOGY,17.2
12X341,ACCION ACADEMY,11.4
09X339,I.S. 339,9.1
08X337,THE SCHOOL FOR INQUIRY AND SOCIAL JUSTICE,15.7
10X331,THE BRONX SCHOOL OF YOUNG LEADERS,12.2
09X328,NEW MILLENNIUM BUSINESS ACADEMY MIDDLE SCHOOL,12
11X326,BRONX GREEN MIDDLE SCHOOL,13.2
09X325,URBAN SCIENCE ACADEMY,12.1
09X323,BRONX WRITING ACADEMY,12.4
12X318,"I.S. X318 MATH, SCIENCE & TECHNOLOGY THROUGH ARTS",13.3
12X316,KAPPA III,15.6
10X315,P.S. 315 LAB SCHOOL,14.5
09X313,I.S. 313 SCHOOL OF LEADERSHIP DEVELOPMENT,11.2
10X308,BRONX DANCE ACADEMY SCHOOL,13.7
09X303,I.S. X303 LEADERSHIP & COMMUNITY SERVICE,12.7
08X302,M.S. 302 LUISA DESSUS CRUZ,12.5
08X301,M.S. 301 PAUL L. DUNBAR,11.3
07X298,ACADEMY OF PUBLIC RELATIONS,10.6
07X296,SOUTH BRONX ACADEMY FOR APPLIED MEDIA,15.2
11X289,THE YOUNG SCHOLARS ACADEMY OF THE BRONX,12
11X287,THE FORWARD SCHOOL,17.9
12X286,FANNIE LOU HAMER MIDDLE SCHOOL,13.7
10X280,P.S./M.S. 280 MOSHOLU PARKWAY,14.4
10X279,"P.S. 279 CAPTAIN MANUEL RIVERA, JR.",14.9
12X273,FREDERICK DOUGLASS ACADEMY V. MIDDLE SCHOOL,12.7
11X272,GLOBE SCHOOL FOR ENVIRONMENTAL RESEARCH,10.7
10X254,I.S. 254,14
10X244,THE NEW SCHOOL FOR LEADERSHIP AND JOURNALISM,14.9
09X232,I.S. 232,17.5
09X229,I.S. 229 ROLAND PATTERSON,8.9
10X228,JONAS BRONCK ACADEMY,13.8
07X224,P.S. / I.S. 224,14.6
09X219,I.S. 219 NEW VENTURE SCHOOL,11.2
09X218,P.S./I.S. 218 RAFAEL HERNANDEZ DUAL LANGUAGE MAGNET SCHOOL,14.9
12X217,SCHOOL OF PERFORMING ARTS,10.1
09X215,KAPPA,14.3
12X214,P.S. 214,15.5
12X212,P.S. 212,13.2
12X211,P.S. 211,14.2
10X206,I.S. 206 ANN MERSEREAU,12.5
11X194,PS/MS 194,15.1
12X190,E.S.M.T- I.S. 190,12
11X181,I.S. 181 PABLO CASALS,15.3
11X180,M.S. 180 DR. DANIEL HALE WILLIAMS,16.5
11X175,P.S. 175 CITY ISLAND,12.9
07X162,J.H.S. 162 LOLA RODRIGUEZ DE TIO,10.8
07X151,J.H.S. 151 LOU GEHRIG,11.2
09X145,J.H.S. 145 ARTURO TOSCANINI,11.2
11X144,J.H.S. 144 MICHELANGELO,16.9
08X131,J.H.S. 131 ALBERT EINSTEIN,14
12X129,M.S. 129 ACADEMY FOR INDEPENDENT LEARNING AND LEADERSHIP,14.4
09X128,MOTT HALL III,16
11X127,J.H.S. 127 THE CASTLE HILL,15.5
08X125,J.H.S. 125 HENRY HUDSON,13.7
08X123,J.H.S. 123 JAMES M. KIERAN,12.1
10X118,J.H.S. 118 WILLIAM W. NILES,13.8
09X117,I.S. 117 JOSEPH H. WADE,12.7
08X101,M.S. X101 EDWARD R. BYRNE,14
12X098,J.H.S. 098 HERMAN RIDDER,10.1
10X095,P.S. 095 SHEILA MENCHER,15
11X089,P.S. 089 BRONX,16.7
10X086,P.S. 086 KINGSBRIDGE HEIGHTS,15.5
11X083,P.S. 083 DONALD HERTZ,15.3
10X080,J.H.S. 080 THE MOSHOLU PARKWAY,12.2
08X071,P.S. 071 ROSE E. SCALA,14
10X045,THOMAS C. GIORDANO MIDDLE SCHOOL 45,14.3
10X037,P.S. X037 - MULTIPLE INTELLIGENCE SCHOOL,14.9
07X031,P.S./M.S. 031 THE WILLIAM LLOYD GARRISON,13.9
07X029,P.S./M.S. 029 MELROSE SCHOOL,12.2
09X022,J.H.S. 022 JORDAN L. MOTT,9.4
10X020,"PS/MS 20 P.O.GEORGE J. WERDANN, III",15
11X019,P.S. 019 JUDITH K. WEISS,16.2
10X015,P.S. X015 INSTITUTE FOR ENVIRONMENTAL LEARNING,17
07X005,PS 5 PORT MORRIS,14.5
10X003,P.S. 3 RAUL JULIA MICRO SOCIETY,12.4
31R861,STATEN ISLAND SCHOOL OF CIVIC LEADERSHIP,15
31R075,I.S. 075 FRANK D. PAULO,14.4
31R072,I.S. 072 ROCCO LAURIE,14.7
31R063,MARSH AVENUE SCHOOL FOR EXPEDITIONARY LEARNING,15.1
31R061,I.S. 061 WILLIAM A MORRIS,14.9
31R051,I.S. 051 EDWIN MARKHAM,15.6
31R049,I.S. 49 BERTA A. DREYFUS,14.2
31R048,P.S. 048 WILLIAM G. WILCOX,16.1
31R034,I.S. 034 TOTTENVILLE,17.1
31R027,I.S. 027 ANNING S. PRALL,15.5
31R024,I.S. 024 MYRA S. BARNES,13.9
31R007,I.S. 007 ELIAS BERNSTEIN,16.3
31R002,I.S. R002 GEORGE L. EGBERT,14.5
25Q499,"THE QUEENS COLLEGE SCHOOL FOR MATH, SCIENCE AND TECHNOLOGY",18.7
28Q358,M.S. 358,12.7
29Q356,COMMUNITY VOICES MIDDLE SCHOOL,12.8
29Q355,COLLABORATIVE ARTS MIDDLE SCHOOL,13.9
27Q333,GOLDIE MAPLE ACADEMY,14.1
28Q332,REDWOOD MIDDLE SCHOOL,14.3
27Q318,WATERSIDE SCHOOL FOR LEADERSHIP,11.7
24Q311,CORONA ARTS AND SCIENCES ACADEMY,16.4
30Q300,THE 30TH AVENUE SCHOOL (G&T CITYWIDE),18.2
27Q297,HAWTREE CREEK MIDDLE SCHOOL,12.3
29Q295,P.S./I.S. 295,16
25Q294,BELL ACADEMY,15
30Q291,HUNTERS POINT COMMUNITY MIDDLE SCHOOL,11.4
29Q289,QUEENS UNITED MIDDLE SCHOOL,14.7
28Q287,THE EMERSON SCHOOL,13.1
27Q282,KNOWLEDGE AND POWER PREPARATORY ACADEMY VI,18.4
29Q270,THE GORDON PARKS SCHOOL,16.5
29Q268,PS/IS 268,14.4
26Q266,P.S. / I.S. 266,16.3
25Q250,I.S. 250 THE ROBERT F. KENNEDY COMMUNITY MIDDLE SCHOOL,14.5
29Q238,I.S. 238 - SUSAN B. ANTHONY ACADEMY,17.6
25Q237,I.S. 237,17.8
30Q235,ACADEMY FOR NEW AMERICANS,12.5
27Q232,P.S. 232 LINDENWOOD,16.5
30Q230,I.S. 230,16.3
30Q227,I.S. 227 LOUIS ARMSTRONG,16.7
27Q226,J.H.S. 226 VIRGIL I. GRISSOM,19
25Q219,P.S. 219 PAUL KLAPPER,11.5
28Q217,J.H.S. 217 ROBERT A. VAN WYCK,18.8
26Q216,J.H.S. 216 GEORGE J. RYAN,21.2
27Q210,J.H.S. 210 ELIZABETH BLACKWELL,17.1
29Q208,P.S. / I.S. 208,14.7
27Q207,P.S. 207 ROCKWOOD PARK,10.1
30Q204,I.S. 204 OLIVER W. HOLMES,12.4
27Q202,J.H.S. 202 ROBERT H. GODDARD,18.3
25Q200,PS/MS 200 - THE POMONOK SCHOOL & STAR ACADEMY,14.1
25Q194,J.H.S. 194 WILLIAM CARR,17.3
29Q192,I.S. 192 THE LINDEN,15.8
28Q190,J.H.S. 190 RUSSELL SAGE,17
25Q189,J.H.S. 189 DANIEL CARTER BEARD,17.7
25Q185,J.H.S. 185 EDWARD BLEEKER,16.8
27Q183,P.S. 183 DR. RICHARD R. GREEN,13
26Q178,P.S./ IS 178 HOLLISWOOD,16.7
26Q172,IRWIN ALTMAN MIDDLE SCHOOL 172,17.8
25Q164,P.S. 164 QUEENS VALLEY,14.1
26Q158,M.S. 158 MARIE CURIE,17.7
29Q147,PS/MS 147 RONALD MCNAIR,15.6
27Q146,P.S. 146 HOWARD BEACH,15
30Q145,I.S. 145 JOSEPH PULITZER,14.3
30Q141,I.S. 141 THE STEINWAY,17.1
29Q138,P.S./ M.S.138 SUNRISE,15.2
27Q137,M.S. 137 AMERICA'S SCHOOL OF HEROES,17.4
24Q128,"P.S. 128 THE LORRAINE TUZZO, JUNIPER VALLEY ELEMENTARY SCHOOL",17.2
30Q127,P.S. 127 AEROSPACE SCIENCE MAGNE,14.2
30Q126,ALBERT SHANKER SCHOOL FOR VISUAL AND PERFORMING ARTS,16.2
24Q125,I.S. 125 THOM J. MCCANN WOODSIDE,16.4
27Q124,P.S. 124 OSMOND A CHURCH,17.4
30Q122,P.S. 122 MAMIE FAY,19
24Q119,I.S. 119 THE GLENDALE,17.9
29Q116,PS/IS 116 WILLIAM C. HUGHLEY,13.7
27Q114,P.S. / M.S. 114 BELLE HARBOR,13.7
24Q113,P.S./I.S. 113 ANTHONY J. PRANZO,18
30Q111,P.S. 111 JACOB BLACKWELL,9.2
29Q109,JEAN NUZZI INTERMEDIATE SCHOOL,17.2
27Q105,P.S. 105 THE BAY SCHOOL,14.5
24Q102,P.S. 102 BAYVIEW,15.2
24Q093,I.S. 093 RIDGEWOOD,14.9
24Q087,P.S. / I.S. 087 MIDDLE VILLAGE,11.9
30Q084,P.S. 084 STEINWAY,11.1
30Q078,P.S./I.S. 78Q,15.3
24Q077,I.S. 077,13.3
26Q074,J.H.S. 074 NATHANIEL HAWTHORNE,18
24Q073,I.S. 73 - THE FRANK SANSIVIERI INTERMEDIATE SCHOOL,15.9
28Q072,CATHERINE & COUNT BASIE MIDDLE SCHOOL 72,12.8
26Q067,J.H.S. 067 LOUIS PASTEUR,21.3
24Q061,I.S. 061 LEONARDO DA VINCI,13.5
29Q059,I.S. 059 SPRINGFIELD GARDENS,17
27Q053,M.S. 053 BRIAN PICCOLO,12.9
24Q049,P.S. 049 DOROTHY BONAWIT KOLE,17.6
27Q047,P.S. 047 CHRIS GALAS,10.6
27Q043,P.S. 043,15.4
27Q042,P.S./M.S 042 R. VERNAM,12.6
25Q025,I.S. 025 ADRIEN BLOCK,22
30Q010,I.S. 010 HORACE GREELEY,14.3
28Q008,J.H.S. 008 RICHARD S. GROSSLEY,11.4
24Q005,I.S. 5 - THE WALTER CROWLEY INTERMEDIATE SCHOOL,16.7
02M933,CITY KNOLL MIDDLE SCHOOL,11.2
02M896,LOWER MANHATTAN COMMUNITY MIDDLE SCHOOL,13.6
03M862,MOTT HALL II,17.5
01M839,TOMPKINS SQUARE MIDDLE SCHOOL,13.3
04M825,ISAAC NEWTON MIDDLE SCHOOL FOR MATH & SCIENCE,14.9
06M528,I.S. 528 BEA FULLER RODGERS SCHOOL,14.4
05M514,NEW DESIGN MIDDLE SCHOOL,9.7
02M442,"BALLET TECH, NYC PUBLIC SCHOOL FOR DANCE",16.2
03M421,WEST PREP ACADEMY,14.1
05M410,THE URBAN ASSEMBLY INSTITUTE FOR NEW TECHNOLOGIES,9.9
02M407,INSTITUTE FOR COLLABORATIVE EDUCATION,18
04M406,GLOBAL TECHNOLOGY PREPARATORY,14.4
04M381,GLOBAL NEIGHBORHOOD SECONDARY SCHOOL,7.2
01M378,SCHOOL FOR GLOBAL LEADERS,11.8
06M366,WASHINGTON HEIGHTS ACADEMY,18.4
06M349,HARBOR HEIGHTS,12.5
02M347,THE 47 AMERICAN SIGN LANGUAGE & ENGLISH LOWER SCHOOL,4.5
01M345,"COLLABORATIVE ACADEMY OF SCIENCE, TECHNOLOGY, & LANGUAGE-ARTS EDUCATION",7.4
03M334,THE ANDERSON SCHOOL,21.2
03M333,P.S. 333 MANHATTAN SCHOOL FOR CHILDREN,14.9
01M332,UNIVERSITY NEIGHBORHOOD MIDDLE SCHOOL,9.5
06M328,M.S. 328 - MANHATTAN MIDDLE SCHOOL FOR SCIENTIFIC INQUIRY,6.8
06M326,M.S. 326 - WRITERS TODAY & LEADERS TOMORROW,8
06M324,M.S. 324 - PATRIA MIRABAL,12.8
06M322,MIDDLE SCHOOL 322,10.2
06M319,M.S. 319 - MARIA TERESA,14.3
02M312,NEW YORK CITY LAB MIDDLE SCHOOL FOR COLLABORATIVE STUDIES,16.2
05M302,KAPPA IV,11.4
01M301,"TECHNOLOGY, ARTS, AND SCIENCES STUDIO",10.3
03M291,WEST END SECONDARY SCHOOL OF URBAN STUDIES,14.3
02M289,I.S. 289,16.1
06M278,PAULA HEDBAVNY SCHOOL,16.7
02M276,BATTERY PARK CITY SCHOOL,14.6
03M258,COMMUNITY ACTION SCHOOL - MS 258,12.4
02M255,M.S. 255 SALK SCHOOL OF SCIENCE,16.2
03M250,M.S. 250 WEST SIDE COLLABORATIVE MIDDLE SCHOOL,14.2
03M247,M.S. M247 DUAL LANGUAGE MIDDLE SCHOOL,11.3
03M245,M.S. M245 THE COMPUTER SCHOOL,16.3
03M243,M.S. 243 CENTER SCHOOL,15.9
02M225,ELLA BAKER SCHOOL,14.7
04M224,M.S. 224 MANHATTAN EAST SCHOOL FOR ARTS & ACADEMICS,12.7
06M223,THE MOTT HALL SCHOOL,12.2
06M218,I.S. 218 SALOME URENA,9.5
02M217,P.S./I.S. 217 ROOSEVELT ISLAND,17.1
06M210,P.S./I.S. 210 - TWENTY-FIRST CENTURY ACADEMY FOR COMMUNITY LEADERSHIP,12.1
06M209,HAMILTON GRANGE MIDDLE SCHOOL,15.5
04M206,P.S. 206 JOSE CELSO BARBOSA,7.1
03M191,P.S. 191 AMSTERDAM,10.8
01M188,P.S. 188 THE ISLAND SCHOOL,12.7
06M187,P.S./I.S. 187 HUDSON CLIFFS,17.6
01M184,P.S. 184M SHUANG WEN,15.1
03M180,P.S. 180 HUGO NEWMAN,13
02M177,YORKVILLE EAST MIDDLE SCHOOL,12.2
04M171,P.S. 171 PATRICK HENRY,16.2
02M167,J.H.S. 167 ROBERT F. WAGNER,15.6
03M165,P.S. 165 ROBERT E. SIMON,12.2
05M161,P.S. 161 PEDRO ALBIZU CAMPOS,12.5
03M149,P.S. 149 SOJOURNER TRUTH,10.6
05M148,EAGLE ACADEMY FOR YOUNG MEN OF HARLEM,13.6
06M143,J.H.S. 143 ELEANOR ROOSEVELT,12.3
01M140,P.S. 140 NATHAN STRAUS,12.4
02M131,M.S. 131,15.3
05M129,P.S. 129 JOHN H. FINLEY,14.8
02M126,P.S. 126 JACOB AUGUST RIIS,14.7
05M123,P.S. 123 MAHALIA JACKSON,11.4
02M114,EAST SIDE MIDDLE SCHOOL,15.5
04M108,P.S. 108 ASSEMBLYMAN ANGELO DEL TORO EDUCATIONAL COMPLEX,13.4
02M104,J.H.S. 104 SIMON BARUCH,17.1
04M096,P.S. 096 JOSEPH LANZETTA,13.6
04M072,THE LEXINGTON ACADEMY,13.1
03M054,J.H.S. 054 BOOKER T. WASHINGTON,18.1
06M052,J.H.S. 052 INWOOD,15
04M050,P.S. 050 VITO MARCANTONIO,11.7
05M046,P.S. 046 ARTHUR TAPPAN,13.6
06M018,P.S. 018 PARK TERRACE,13.5
04M012,TAG YOUNG SCHOLARS,21.6
04M007,P.S. 007 SAMUEL STERN,13
15K821,SUNSET PARK PREP,13.3
18K763,BROOKLYN SCIENCE AND ENGINEERING ACADEMY,11.3
17K722,NEW HEIGHTS MIDDLE SCHOOL,9.3
13K691,FORT GREENE PREPARATORY ACADEMY,11
16K681,MADIBA PREP MIDDLE SCHOOL,8.8
19K678,EAST NEW YORK MIDDLE SCHOOL OF EXCELLENCE,12.4
23K671,MOTT HALL BRIDGES ACADEMY,11.5
23K668,RIVERDALE AVENUE MIDDLE SCHOOL,10.3
23K664,BROOKLYN ENVIRONMENTAL EXPLORATION SCHOOL (BEES),12.6
19K663,SCHOOL OF THE FUTURE BROOKLYN,10.1
19K662,LIBERTY AVENUE MIDDLE SCHOOL,13.9
19K661,VISTA ACADEMY,16.6
19K654,VAN SICLEN COMMUNITY MIDDLE SCHOOL,16
18K598,MIDDLE SCHOOL OF MARKETING AND LEGAL STUDIES,11.7
13K596,MS 596 PEACE ACADEMY,6.4
16K584,M.S. 584,8.4
14K582,M.S. 582,12.1
18K581,EAST FLATBUSH COMMUNITY RESEARCH SCHOOL,10.5
14K577,CONSELYEA PREPARATORY SCHOOL,16.4
32K562,EVERGREEN MIDDLE SCHOOL FOR URBAN EXPLORATION,7.6
16K534,UPPER SCHOOL @ P.S. 25,7.9
23K522,MOTT HALL IV,13.6
23K518,KAPPA V,18.1
13K492,ACADEMY OF ARTS AND LETTERS,17.1
17K484,RONALD EDMONDS LEARNING CENTER II,16.9
19K452,FREDERICK DOUGLASS ACADEMY VIII MIDDLE SCHOOL,14.4
15K447,THE MATH & SCIENCE EXPLORATORY SCHOOL,11.4
15K443,NEW VOICES SCHOOL OF ACADEMIC & CREATIVE ARTS,15.5
15K442,M.S. 442 CARROLL GARDENS SCHOOL FOR INNOVATION,8.4
17K394,M.S. K394,16.5
23K392,I.S. 392,13.4
16K385,"SCHOOL OF BUSINESS, FINANCE AND ENTREPRENEURSHIP",6.9
32K384,P.S. /I.S. 384 FRANCES E. CARTER,14.6
32K383,J.H.S. 383 PHILIPPA SCHUYLER,17.1
22K381,I. S. 381,13.2
32K377,P.S. 377 ALEJANDRINA B. DE GAUTIER,14.3
18K366,THE SCIENCE AND MEDICINE MIDDLE SCHOOL,11.6
19K364,I.S. 364 GATEWAY,13.6
17K354,THE SCHOOL OF INTEGRATED LEARNING,10.5
17K353,ELIJAH STROUD MIDDLE SCHOOL,11.2
17K352,EBBETS FIELD MIDDLE SCHOOL,8.3
13K351,THE URBAN ASSEMBLY UNISON SCHOOL,10
32K349,"I.S. 349 MATH, SCIENCE & TECH.",11.8
32K347,I.S. 347 SCHOOL OF HUMANITIES,11.7
17K340,I.S. 340,15.5
17K334,MIDDLE SCHOOL FOR ACADEMIC AND SOCIAL EXCELLENCE,5.5
14K330,THE SCHOOL FOR THE URBAN ENVIRONMENT,25
23K327,P.S. 327 DR. ROSE B. ENGLISH,14.3
23K323,P.S./I.S. 323,16.9
14K318,I.S. 318 EUGENIO MARIA DE HOSTOS,16.3
13K313,SATELLITE WEST MIDDLE SCHOOL,6.8
19K311,ESSENCE SCHOOL,9.7
19K306,P.S. 306 ETHAN ALLEN,11
21K303,I.S. 303 HERBERT S. EISENBERG,15
13K301,SATELLITE EAST MIDDLE SCHOOL,7.6
19K292,J.H.S. 292 MARGARET S. DOUGLAS,15
32K291,J.H.S. 291 ROLAND HAYES,11.2
18K285,I.S. 285 MEYER LEVIN,13.2
23K284,P.S. 284 LEW WALLACE,13.6
13K282,P.S. 282 PARK SLOPE,15.5
21K281,I.S. 281 JOSEPH B CAVALLARO,18.8
22K278,J.H.S. 278 MARINE PARK,12.4
16K267,"M.S. 267 MATH, SCIENCE & TECHNOLOGY",10.1
13K266,M.S. K266 - PARK PLACE COMMUNITY MIDDLE SCHOOL,12.4
16K262,P.S. 262 EL HAJJ MALIK EL SHABAZZ ELEMENTARY SCHOOL,14.4
20K259,J.H.S. 259 WILLIAM MCKINLEY,19.5
17K246,M.S. 246 WALT WHITMAN,11.9
22K240,ANDRIES HUDDE,16
21K239,MARK TWAIN I.S. 239 FOR THE GIFTED & TALENTED,18.4
21K238,P.S. 238 ANNE SULLIVAN,12
18K235,P.S. 235 LENOX SCHOOL,18.4
22K234,J.H.S. 234 ARTHUR W. CUNNINGHAM,19.3
20K229,P.S. 229 DYKER,18.3
21K228,I.S. 228 DAVID A. BOODY,14.4
21K226,P.S. 226 ALFRED DE B.MASON,13.5
21K225,P.S. K225 - THE EILEEN E. ZAGLIN,14.8
20K220,J.H.S. 220 JOHN J. PERSHING,14.8
19K218,J.H.S. 218 JAMES P. SINNOTT,12.5
18K211,I.S. 211 JOHN WILSON,15.4
21K209,P.S. 209 MARGARET MEAD,13.7
22K207,P.S. 207 ELIZABETH G. LEARY,16.2
22K206,P.S. 206 JOSEPH F LAMB,17.3
20K201,J.H.S. 201 THE DYKER HEIGHTS,17.8
20K192,P.S. 192 - THE MAGNET SCHOOL FOR MATH AND SCIENCE INQUIRY,13.5
17K189,P.S. 189 THE BILINGUAL CENTER,14.8
20K187,THE CHRISTA MCAULIFFE SCHOOL\I.S. 187,19.3
23K184,P.S. 184 NEWPORT,17
17K181,P.S. 181 BROOKLYN,13.8
20K180,THE SEEALL ACADEMY,13.9
23K178,P.S. 178 SAINT CLAIR MCKELWAY,14.9
19K171,I.S. 171 ABRAHAM LINCOLN,14.5
20K163,P.S. 163 BATH BEACH,14.6
32K162,J.H.S. 162 THE WILLOUGHBY,12.6
14K157,P.S./I.S. 157 THE BENJAMIN FRANKLIN HEALTH & SCIENCE ACADEMY,11.6
23K155,P.S./ I.S. 155 NICHOLAS HERKIMER,14.9
17K138,P.S. 138 BROOKLYN,15.2
23K137,P.S./I.S. 137 RACHEL JEAN MITCHELL,11.5
15K136,I.S. 136 CHARLES O. DEWEY,10.2
14K126,JOHN ERICSSON MIDDLE SCHOOL 126,12.8
21K121,P.S. 121 NELSON A. ROCKEFELLER,7.7
13K113,M.S. 113 RONALD EDMONDS LEARNING CENTER,12.2
22K109,P.S. 109,14.7
20K104,P.S./I.S. 104 THE FORT HAMILTON SCHOOL,17.8
21K099,P.S. 099 ISAAC ASIMOV,17.1
21K098,I.S. 98 BAY ACADEMY,22.4
21K096,I.S. 096 SETH LOW,12.2
21K095,P.S. 095 THE GRAVESEND,14.6
19K089,P.S. 089 CYPRESS HILLS,11.9
15K088,J.H.S. 088 PETER ROUGET,14.6
14K084,P.S. 084 JOSE DE DIEGO,10.4
22K078,J.H.S. 078 ROY H. MANN,14.6
18K066,P.S. 66,17
20K062,J.H.S. 062 DITMAS,14
17K061,M.S. 061 DR. GLADSTONE H. ATWELL,21.1
16K057,J.H.S. 057 WHITELAW REID,9.8
15K051,M.S. 51 WILLIAM ALEXANDER,17.8
14K050,J.H.S. 050 JOHN D. WELLS,12
32K045,P.S./I.S. 045 HORACE E. GREENE,14.9
23K041,P.S. 041 FRANCIS WHITE,13.6
16K035,M.S. 035 STEPHEN DECATUR,14.2
20K030,PS/IS 30 MARY WHITE OVINGTON,13.3
22K014,J.H.S. 014 SHELL BANK,12.8
13K008,P.S. 008 ROBERT FULTON,14.8
17K002,PARKSIDE PREPARATORY ACADEMY,15.5
10X696,HIGH SCHOOL OF AMERICAN STUDIES AT LEHMAN COLLEGE,14.8
12X692,MONROE ACADEMY FOR VISUAL ARTS & DESIGN,14.5
12X684,WINGS ACADEMY,15.6
07X670,HEALTH OPPORTUNITIES HIGH SCHOOL,16.5
07X600,ALFRED E. SMITH CAREER AND TECHNICAL EDUCATION HIGH SCHOOL,10.4
09X568,YOUNG WOMEN'S LEADERSHIP SCHOOL OF THE BRONX,12.2
10X565,HIGH SCHOOL FOR ENERGY AND TECHNOLOGY,12.6
09X564,CLAREMONT INTERNATIONAL HS,13.6
08X561,BRONX COMPASS HIGH SCHOOL,11.4
08X559,SCHOOL FOR TOURISM AND HOSPITALITY,10.6
08X558,WESTCHESTER SQUARE ACADEMY,13.8
07X557,MOTT HAVEN COMMUNITY HIGH SCHOOL,12.5
07X551,THE URBAN ASSEMBLY BRONX ACADEMY OF LETTERS,11.3
12X550,HIGH SCHOOL OF WORLD CULTURES,16.8
10X549,DISCOVERY HIGH SCHOOL,19
07X548,URBAN ASSEMBLY SCHOOL FOR CAREERS IN SPORTS,15
07X547,NEW EXPLORERS HIGH SCHOOL,13.4
10X546,BRONX THEATRE HIGH SCHOOL,13.1
11X545,BRONX AEROSPACE HIGH SCHOOL,15.5
11X544,HIGH SCHOOL FOR CONTEMPORARY ARTS,18.2
09X543,HIGH SCHOOL FOR VIOLIN AND DANCE,15.4
11X542,PELHAM PREPARATORY ACADEMY,19.6
08X530,BANANA KELLY HIGH SCHOOL,9.3
07X527,BRONX LEADERSHIP ACADEMY II HIGH SCHOOL,14.5
09X525,BRONX LEADERSHIP ACADEMY HIGH SCHOOL,18.8
10X524,CROTONA INTERNATIONAL HIGH SCHOOL,12.9
07X522,BRONX DESIGN AND CONSTRUCTION ACADEMY,13.1
12X521,THE METROPOLITAN SOUNDVIEW HIGH SCHOOL,13.4
07X520,FOREIGN LANGUAGE ACADEMY OF GLOBAL STUDIES,6.2
08X519,"FELISA RINCON DE GAUTIER INSTITUTE FOR LAW AND PUBLIC POLICY, THE",12.1
09X517,FREDERICK DOUGLASS ACADEMY III SECONDARY SCHOOL,14.5
11X514,THE BRONXWOOD PREPARATORY ACADEMY,15.8
11X513,NEW WORLD HIGH SCHOOL,14
12X511,BRONX ENVISION ACADEMY,13.3
11X509,HIGH SCHOOL OF LANGUAGE AND INNOVATION,14.3
11X508,BRONXDALE HIGH SCHOOL,12.7
09X505,"BRONX SCHOOL FOR LAW, GOVERNMENT AND JUSTICE",15
07X500,HOSTOS-LINCOLN ACADEMY OF SCIENCE,15.2
07X495,UNIVERSITY HEIGHTS SECONDARY SCHOOL,22.7
12X480,BRONX REGIONAL HIGH SCHOOL,19.3
12X479,BRONX CAREER AND COLLEGE PREPARATORY HIGH SCHOOL,11.5
12X478,THE CINEMA SCHOOL,15
10X477,MARBLE HILL HIGH SCHOOL FOR INTERNATIONAL STUDIES,15.6
07X473,MOTT HAVEN VILLAGE PREPARATORY HIGH SCHOOL,13.4
11X455,HARRY S TRUMAN HIGH SCHOOL,20.5
08X452,BRONX GUILD,13.6
12X446,ARTURO A. SCHOMBURG SATELLITE ACADEMY BRONX,13.6
10X445,BRONX HIGH SCHOOL OF SCIENCE,21.4
10X442,"CELIA CRUZ BRONX HIGH SCHOOL OF MUSIC, THE",16.8
10X440,DEWITT CLINTON HIGH SCHOOL,13.6
10X439,BRONX HIGH SCHOOL FOR LAW AND COMMUNITY SERVICE,14.4
10X438,FORDHAM LEADERSHIP ACADEMY FOR BUSINESS AND TECHNOLOGY,14
10X437,FORDHAM HIGH SCHOOL FOR THE ARTS,12.1
10X434,BELMONT PREPARATORY HIGH SCHOOL,17.1
10X433,HIGH SCHOOL FOR TEACHING AND THE PROFESSIONS,13.7
08X432,BRONX BRIDGES HIGH SCHOOL,12
07X427,COMMUNITY SCHOOL FOR SOCIAL JUSTICE,13.3
11X418,BRONX HIGH SCHOOL FOR THE VISUAL ARTS,17.8
09X414,JONATHAN LEVIN HIGH SCHOOL FOR MEDIA AND COMMUNICATIONS,7.1
09X413,BRONX HIGH SCHOOL FOR MEDICAL SCIENCE,13.2
09X412,BRONX HIGH SCHOOL OF BUSINESS,8.9
08X405,HERBERT H. LEHMAN HIGH SCHOOL,11.4
09X404,SCHOOL FOR EXCELLENCE,16.6
09X403,BRONX INTERNATIONAL HIGH SCHOOL,13.4
10X397,ENGLISH LANGUAGE LEARNERS AND INTERNATIONAL SUPPORT PREPARATORY ACADEMY (ELLIS),14.6
12X388,PAN AMERICAN INTERNATIONAL HIGH SCHOOL AT MONROE,13.7
07X379,JILL CHAIFETZ TRANSFER HIGH SCHOOL,12.2
08X377,BRONX COMMUNITY HIGH SCHOOL,11.1
08X376,ANTONIA PANTOJA PREPARATORY ACADEMY: A COLLEGE BOARD SCHOOL,11.6
10X374,KNOWLEDGE AND POWER PREPARATORY ACADEMY INTERNATIONAL HIGH SCHOOL (KAPPA),12.2
12X372,URBAN ASSEMBLY SCHOOL FOR WILDLIFE CONSERVATION,11.6
11X370,SCHOOL OF DIPLOMACY,11.5
10X368,IN-TECH ACADEMY (M.S. / HIGH SCHOOL 368),14.5
08X367,"ARCHIMEDES ACADEMY FOR MATH, SCIENCE AND TECHNOLOGY APPLICATIONS",13.4
09X365,ACADEMY FOR LANGUAGE AND TECHNOLOGY,13.5
10X353,WORLD VIEW HIGH SCHOOL,10.8
10X351,BRONX COLLABORATIVE HIGH SCHOOL,13.2
09X350,NEW DIRECTIONS SECONDARY SCHOOL,10.4
08X349,BRONX RIVER HIGH SCHOOL,13.3
08X348,SCHUYLERVILLE PREPARATORY HIGH SCHOOL,13.5
10X342,INTERNATIONAL SCHOOL FOR LIBERAL ARTS,14.1
07X334,INTERNATIONAL COMMUNITY HIGH SCHOOL,15.8
08X332,HOLCOMBE L. RUCKER SCHOOL OF COMMUNITY RESEARCH,10.9
09X329,DREAMYARD PREPARATORY SCHOOL,13.7
09X327,COMPREHENSIVE MODEL SCHOOL PROJECT M.S. 327,15.3
09X324,BRONX EARLY COLLEGE ACADEMY FOR TEACHING & LEARNING,14.9
07X321,CROTONA ACADEMY HIGH SCHOOL,14.2
08X320,PELHAM LAB HIGH SCHOOL,13.3
10X319,PROVIDING URBAN LEARNERS SUCCESS IN EDUCATION HIGH SCHOOL,15.6
08X312,MILLENNIUM ART ACADEMY,16
08X305,PABLO NERUDA ACADEMY,10.4
11X299,ASTOR COLLEGIATE ACADEMY,17.1
09X297,MORRIS ACADEMY FOR COLLABORATIVE STUDIES,12.7
08X293,RENAISSANCE HIGH SCHOOL FOR MUSICAL THEATER & TECHNOLOGY,16.4
11X290,BRONX ACADEMY OF HEALTH CAREERS,17
11X288,COLLEGIATE INSTITUTE FOR MATH AND SCIENCE,17.3
10X284,BRONX SCHOOL OF LAW AND FINANCE,15.6
08X282,WOMEN'S ACADEMY OF EXCELLENCE,13.6
12X278,PEACE AND DIVERSITY ACADEMY,8.4
09X276,LEADERSHIP INSTITUTE,10.8
11X275,HIGH SCHOOL OF COMPUTERS AND TECHNOLOGY,16.7
12X271,EAST BRONX ACADEMY FOR THE FUTURE,12.5
11X270,ACADEMY FOR SCHOLARSHIP AND ENTREPRENEURSHIP: A COLLEGE BOARD SCHOOL,16.2
08X269,BRONX STUDIO SCHOOL FOR WRITERS AND ARTISTS,13.9
10X268,KINGSBRIDGE INTERNATIONAL HIGH SCHOOL,22.3
12X267,BRONX LATIN,11.6
11X265,BRONX LAB SCHOOL,12.6
10X264,BRONX ACADEMY FOR SOFTWARE ENGINEERING (BASE),12.6
09X263,VALIDUS PREPARATORY ACADEMY: AN EXPEDITIONARY LEARNING SCHOOL,15.4
09X260,BRONX CENTER FOR SCIENCE AND MATHEMATICS,23.9
07X259,"H.E.R.O. HIGH (HEALTH, EDUCATION, AND RESEARCH OCCUPATIONS HIGH SCHOOL)",12.6
11X253,BRONX HIGH SCHOOL FOR WRITING AND COMMUNICATION ARTS,17.3
09X252,MOTT HALL BRONX HIGH SCHOOL,15.4
12X251,EXPLORATIONS ACADEMY,13
09X250,EXIMIUS COLLEGE PREPARATORY ACADEMY: A COLLEGE BOARD SCHOOL,15.4
11X249,BRONX HEALTH SCIENCES HIGH SCHOOL,19.4
12X248,"METROPOLITAN HIGH SCHOOL, THE",12.1
10X243,WEST BRONX ACADEMY FOR THE FUTURE,12.1
12X242,MOTT HALL V,12.7
09X241,"URBAN ASSEMBLY SCHOOL FOR APPLIED MATH AND SCIENCE, THE",11.4
10X237,"THE MARIE CURIE SCHOOL FOR MEDICINE, NURSING, AND HEALTH PROFESSIONS",14
09X231,EAGLE ACADEMY FOR YOUNG MEN,14.4
09X227,BRONX COLLEGIATE ACADEMY,16.3
10X225,THEATRE ARTS PRODUCTION COMPANY SCHOOL,16.2
07X223,M.S. 223 THE LABORATORY SCHOOL OF FINANCE AND TECHNOLOGY,13.2
07X221,SOUTH BRONX PREPARATORY: A COLLEGE BOARD SCHOOL,13.9
10X213,BRONX ENGINEERING AND TECHNOLOGY ACADEMY,15.7
10X141,RIVERDALE / KINGSBRIDGE ACADEMY (MIDDLE SCHOOL / HIGH SCHOOL 141),15.2
31R605,STATEN ISLAND TECHNICAL HIGH SCHOOL,21.1
31R600,RALPH R. MCKEE CAREER AND TECHNICAL EDUCATION HIGH SCHOOL,15.3
31R470,CONCORD HIGH SCHOOL,13.5
31R460,SUSAN E. WAGNER HIGH SCHOOL,19.5
31R455,TOTTENVILLE HIGH SCHOOL,19.5
31R450,CURTIS HIGH SCHOOL,18.5
31R445,PORT RICHMOND HIGH SCHOOL,17.4
31R440,NEW DORP HIGH SCHOOL,17
31R080,THE MICHAEL J. PETRIDES SCHOOL,17.8
31R064,GAYNOR MCCOWN EXPEDITIONARY LEARNING SCHOOL,13.4
31R047,CSI HIGH SCHOOL FOR INTERNATIONAL STUDIES,16.3
28Q896,"YOUNG WOMEN'S LEADERSHIP SCHOOL, QUEENS",17
25Q792,NORTH QUEENS COMMUNITY HIGH SCHOOL,14.3
24Q744,VOYAGES PREPARATORY,14.4
28Q690,HIGH SCHOOL FOR LAW ENFORCEMENT AND PUBLIC SAFETY,20.5
28Q687,QUEENS HIGH SCHOOL FOR THE SCIENCES AT YORK COLLEGE,17.3
28Q686,QUEENS METROPOLITAN HIGH SCHOOL,15
28Q680,QUEENS GATEWAY TO HEALTH SCIENCES SECONDARY SCHOOL,18.9
25Q670,ROBERT F. KENNEDY COMMUNITY HIGH SCHOOL,17.8
27Q650,"HIGH SCHOOL FOR CONSTRUCTION TRADES, ENGINEERING AND ARCHITECTURE",16.1
28Q620,THOMAS A. EDISON CAREER AND TECHNICAL EDUCATION HIGH SCHOOL,18.5
24Q610,AVIATION CAREER & TECHNICAL EDUCATION HIGH SCHOOL,17.1
24Q600,QUEENS VOCATIONAL AND TECHNICAL HIGH SCHOOL,15.9
24Q585,MASPETH HIGH SCHOOL,15.8
30Q580,BACCALAUREATE SCHOOL FOR GLOBAL EDUCATION,16
30Q575,ACADEMY OF AMERICAN STUDIES,20.7
26Q566,"QUEENS HIGH SCHOOL OF TEACHING, LIBERAL ARTS AND THE SCIENCES",19.4
24Q560,"ROBERT F. WAGNER, JR. SECONDARY SCHOOL FOR ARTS AND TECHNOLOGY",18
30Q555,NEWCOMERS HIGH SCHOOL,15.4
24Q550,HIGH SCHOOL FOR ARTS AND BUSINESS,17.4
25Q540,QUEENS ACADEMY HIGH SCHOOL,18.5
24Q530,INTERNATIONAL HIGH SCHOOL AT LAGUARDIA COMMUNITY COLLEGE,17.3
25Q525,TOWNSEND HARRIS HIGH SCHOOL,21
24Q520,MIDDLE COLLEGE HIGH SCHOOL AT LAGUARDIA COMMUNITY COLLEGE,21.3
28Q505,HILLCREST HIGH SCHOOL,19.4
30Q502,INFORMATION TECHNOLOGY HIGH SCHOOL,18.8
30Q501,FRANK SINATRA SCHOOL OF THE ARTS HIGH SCHOOL,17
29Q498,HUMANITIES & ARTS MAGNET HIGH SCHOOL,16.8
29Q496,"BUSINESS, COMPUTER APPLICATIONS & ENTREPRENEURSHIP HIGH SCHOOL",10
26Q495,BAYSIDE HIGH SCHOOL,20.3
29Q494,"LAW, GOVERNMENT AND COMMUNITY SERVICE HIGH SCHOOL",8
29Q492,"MATHEMATICS, SCIENCE RESEARCH AND TECHNOLOGY MAGNET HIGH SCHOOL",18.6
24Q485,GROVER CLEVELAND HIGH SCHOOL,16.9
27Q480,JOHN ADAMS HIGH SCHOOL,13.2
27Q475,RICHMOND HILL HIGH SCHOOL,14.5
25Q460,FLUSHING HIGH SCHOOL,14.1
24Q455,NEWTOWN HIGH SCHOOL,17.1
30Q450,LONG ISLAND CITY HIGH SCHOOL,15.5
30Q445,WILLIAM CULLEN BRYANT HIGH SCHOOL,17.9
28Q440,FOREST HILLS HIGH SCHOOL,21
26Q435,MARTIN VAN BUREN HIGH SCHOOL,17.1
26Q430,FRANCIS LEWIS HIGH SCHOOL,18.4
25Q425,JOHN BOWNE HIGH SCHOOL,18.5
26Q415,BENJAMIN N. CARDOZO HIGH SCHOOL,24.4
27Q400,AUGUST MARTIN HIGH SCHOOL,11
27Q351,ROCKAWAY COLLEGIATE HIGH SCHOOL,13.8
28Q350,JAMAICA GATEWAY TO THE SCIENCES,16.8
28Q338,QUEENS SATELLITE HIGH SCHOOL FOR OPPORTUNITY,13.5
27Q334,EPIC HIGH SCHOOL - NORTH,17.3
28Q328,HIGH SCHOOL FOR COMMUNITY LEADERSHIP,13.2
29Q327,EAGLE ACADEMY FOR YOUNG MEN III,13
29Q326,CAMBRIA HEIGHTS ACADEMY,13.4
28Q325,HILLSIDE ARTS & LETTERS ACADEMY,16.5
27Q324,ROCKAWAY PARK HIGH SCHOOL FOR ENVIRONMENTAL SUSTAINABILITY,14.2
27Q323,SCHOLARS' ACADEMY,20.2
27Q319,VILLAGE ACADEMY,11
26Q315,BUSINESS TECHNOLOGY EARLY COLLEGE HIGH SCHOOL,14.6
27Q314,EPIC HIGH SCHOOL - SOUTH,15.8
29Q313,BENJAMIN FRANKLIN HIGH SCHOOL FOR FINANCE & INFORMATION TECHNOLOGY,11.1
28Q310,QUEENS COLLEGIATE: A COLLEGE BOARD SCHOOL,13.8
27Q309,ACADEMY OF MEDICAL TECHNOLOGY: A COLLEGE BOARD SCHOOL,12.8
27Q308,ROBERT H. GODDARD HIGH SCHOOL OF COMMUNICATION ARTS AND TECHNOLOGY,17.6
27Q302,"QUEENS HIGH SCHOOL FOR INFORMATION, RESEARCH, AND TECHNOLOGY",15.1
30Q301,ACADEMY FOR CAREERS IN TELEVISION AND FILM,16.4
24Q299,BARD HIGH SCHOOL EARLY COLLEGE QUEENS,17.6
24Q296,PAN AMERICAN INTERNATIONAL HIGH SCHOOL,12.1
24Q293,CIVIC LEADERSHIP ACADEMY,15.2
30Q286,"YOUNG WOMEN'S LEADERSHIP SCHOOL, ASTORIA",15.8
25Q285,WORLD JOURNALISM PREPARATORY: A COLLEGE BOARD SCHOOL,15.7
28Q284,YORK EARLY COLLEGE ACADEMY,17.2
29Q283,PREPARATORY ACADEMY FOR WRITERS: A COLLEGE BOARD SCHOOL,18.6
25Q281,EAST-WEST SCHOOL OF INTERNATIONAL STUDIES,11.9
29Q272,GEORGE WASHINGTON CARVER HIGH SCHOOL FOR THE SCIENCES,18.2
24Q267,HIGH SCHOOL OF APPLIED COMMUNICATION,17.4
29Q265,EXCELSIOR PREPARATORY HIGH SCHOOL,17.2
24Q264,ACADEMY OF FINANCE AND ENTERPRISE,19.6
25Q263,FLUSHING INTERNATIONAL HIGH SCHOOL,17.7
27Q262,CHANNEL VIEW SCHOOL FOR RESEARCH,13.8
27Q261,VOYAGES PREP - SOUTH QUEENS,16.3
27Q260,FREDERICK DOUGLASS ACADEMY VI HIGH SCHOOL,15.6
29Q259,PATHWAYS COLLEGE PREPARATORY SCHOOL: A COLLEGE BOARD SCHOOL,18.1
30Q258,ENERGY TECH HIGH SCHOOL,12.5
25Q252,"QUEENS SCHOOL OF INQUIRY, THE",12.8
29Q248,QUEENS PREPARATORY ACADEMY,15.5
29Q243,INSTITUTE FOR HEALTH PROFESSIONS AT CAMBRIA HEIGHTS,12.1
25Q241,QUEENS HIGH SCHOOL FOR LANGUAGE STUDIES,13.2
25Q240,VERITAS ACADEMY,16.4
24Q236,INTERNATIONAL HIGH SCHOOL FOR HEALTH SCIENCES,13.3
28Q167,METROPOLITAN EXPEDITIONARY LEARNING SCHOOL,12.6
28Q157,J.H.S. 157 STEPHEN A. HALSEY,20
03M860,FREDERICK DOUGLASS ACADEMY II SECONDARY SCHOOL,12.2
03M859,SPECIAL MUSIC SCHOOL,14
01M696,BARD HIGH SCHOOL EARLY COLLEGE,17.5
05M692,"HIGH SCHOOL FOR MATHEMATICS, SCIENCE AND ENGINEERING AT CITY COLLEGE",15.9
05M685,BREAD & ROSES INTEGRATED ARTS HIGH SCHOOL,8
04M680,"HERITAGE SCHOOL, THE",13.3
05M670,THURGOOD MARSHALL ACADEMY FOR LEARNING AND SOCIAL CHANGE,15.4
02M655,LIFE SCIENCES SECONDARY SCHOOL,14.4
01M650,CASCADES HIGH SCHOOL,18.6
02M630,ART AND DESIGN HIGH SCHOOL,15.4
02M625,HIGH SCHOOL OF GRAPHIC COMMUNICATION ARTS,7.2
02M615,CHELSEA CAREER AND TECHNICAL EDUCATION HIGH SCHOOL,13.2
04M610,YOUNG WOMEN'S LEADERSHIP SCHOOL,15.6
02M605,HUMANITIES PREPARATORY ACADEMY,14.1
02M600,THE HIGH SCHOOL OF FASHION INDUSTRIES,17.9
02M586,HARVEY MILK HIGH SCHOOL,7.7
02M580,RICHARD R. GREEN HIGH SCHOOL OF TEACHING,15.3
02M575,MANHATTAN COMPREHENSIVE NIGHT AND DAY HIGH SCHOOL,18.4
02M560,HIGH SCHOOL M560 - CITY AS SCHOOL,17.1
04M555,CENTRAL PARK EAST HIGH SCHOOL,16.2
06M552,GREGORIO LUPERON HIGH SCHOOL FOR SCIENCE AND MATHEMATICS,17.1
02M551,URBAN ASSEMBLY NEW YORK HARBOR SCHOOL,11.6
02M550,LIBERTY HIGH SCHOOL ACADEMY FOR NEWCOMERS,17.4
02M546,ACADEMY FOR SOFTWARE ENGINEERING,12.8
02M545,HIGH SCHOOL FOR DUAL LANGUAGE AND ASIAN STUDIES,16.6
02M544,INDEPENDENCE HIGH SCHOOL,17.7
02M543,NEW DESIGN HIGH SCHOOL,11.5
02M542,MANHATTAN BRIDGES HIGH SCHOOL,16.3
03M541,MANHATTAN / HUNTER SCIENCE HIGH SCHOOL,17.4
06M540,A. PHILIP RANDOLPH CAMPUS HIGH SCHOOL,18.3
01M539,"NEW EXPLORATIONS INTO SCIENCE, TECHNOLOGY AND MATH HIGH SCHOOL",19
02M534,HARVEST COLLEGIATE HIGH SCHOOL,12.6
02M533,UNION SQUARE ACADEMY FOR HEALTH SCIENCES,13.7
02M531,REPERTORY COMPANY HIGH SCHOOL FOR THEATRE ARTS,17.8
02M529,JACQUELINE KENNEDY ONASSIS HIGH SCHOOL,15.8
02M520,MURRY BERGTRAUM HIGH SCHOOL FOR BUSINESS CAREERS,14.1
02M519,TALENT UNLIMITED HIGH SCHOOL,17.1
01M515,LOWER EAST SIDE PREPARATORY HIGH SCHOOL,16.9
01M509,MARTA VALLE HIGH SCHOOL,10.9
02M507,URBAN ASSEMBLY GATEWAY SCHOOL FOR TECHNOLOGY,14.1
03M505,EDWARD A. REYNOLDS WEST SIDE HIGH SCHOOL,13.6
02M500,UNITY CENTER FOR URBAN TECHNOLOGIES,19.5
05M499,FREDERICK DOUGLASS ACADEMY,16.2
04M495,PARK EAST HIGH SCHOOL,13.8
03M494,HIGH SCHOOL OF ARTS AND TECHNOLOGY,16.5
03M492,"HIGH SCHOOL FOR LAW, ADVOCACY AND COMMUNITY JUSTICE",14
02M489,HIGH SCHOOL OF ECONOMICS AND FINANCE,19.1
03M485,FIORELLO H. LAGUARDIA HIGH SCHOOL OF MUSIC & ART AND PERFORMING ARTS,20
03M479,BEACON HIGH SCHOOL,21.7
02M475,STUYVESANT HIGH SCHOOL,21
05M469,CHOIR ACADEMY OF HARLEM,4.7
06M468,HIGH SCHOOL FOR HEALTH CAREERS AND SCIENCES,12.1
06M467,HIGH SCHOOL FOR LAW AND PUBLIC SERVICE,16.7
06M463,HIGH SCHOOL FOR MEDIA AND COMMUNICATIONS,15.9
06M462,THE COLLEGE ACADEMY,19.3
01M458,FORSYTH SATELLITE ACADEMY,16.9
01M450,EAST SIDE COMMUNITY SCHOOL,14.5
02M449,VANGUARD HIGH SCHOOL,13.9
01M448,UNIVERSITY NEIGHBORHOOD HIGH SCHOOL,13.5
02M439,MANHATTAN VILLAGE ACADEMY,16.6
02M438,INTERNATIONAL HIGH SCHOOL AT UNION SQUARE,12.7
02M437,HUDSON HIGH SCHOOL OF LEARNING TECHNOLOGIES,14.3
04M435,MANHATTAN CENTER FOR SCIENCE AND MATHEMATICS,21.8
02M432,MURRAY HILL ACADEMY,11.3
02M427,MANHATTAN ACADEMY FOR ARTS & LANGUAGE,12.1
02M425,LEADERSHIP AND PUBLIC SERVICE HIGH SCHOOL,15.1
06M423,HIGH SCHOOL FOR EXCELLENCE AND INNOVATION,10.5
02M422,QUEST TO LEARN,12.4
02M420,HIGH SCHOOL FOR HEALTH PROFESSIONS AND HUMAN SERVICES,19
02M419,LANDMARK HIGH SCHOOL,14.3
02M418,MILLENNIUM HIGH SCHOOL,17.2
03M417,FRANK MCCOURT HIGH SCHOOL,14.4
02M416,ELEANOR ROOSEVELT HIGH SCHOOL,16.7
03M415,WADLEIGH SECONDARY SCHOOL FOR THE PERFORMING & VISUAL ARTS,10.1
02M414,N.Y.C. MUSEUM SCHOOL,16.8
02M413,SCHOOL OF THE FUTURE HIGH SCHOOL,16.2
02M412,N.Y.C. LAB SCHOOL FOR COLLABORATIVE STUDIES,13.8
02M411,BARUCH COLLEGE CAMPUS HIGH SCHOOL,16.7
04M409,COALITION SCHOOL FOR SOCIAL CHANGE,12.2
02M408,PROFESSIONAL PERFORMING ARTS HIGH SCHOOL,21.4
03M404,INNOVATION DIPLOMA PLUS,16.6
03M403,THE GLOBAL LEARNING COLLABORATIVE,13.3
03M402,THE URBAN ASSEMBLY SCHOOL FOR GREEN CAREERS,11
02M400,HIGH SCHOOL FOR ENVIRONMENTAL STUDIES,17.9
02M399,THE HIGH SCHOOL FOR LANGUAGE AND DIPLOMACY,14.5
02M394,EMMA LAZARUS HIGH SCHOOL,17.4
02M393,BUSINESS OF SPORTS SCHOOL,12.3
02M392,MANHATTAN BUSINESS ACADEMY,13.8
04M377,RENAISSANCE SCHOOL OF THE ARTS,9.9
02M376,NYC ISCHOOL,16.3
02M374,GRAMERCY ARTS HIGH SCHOOL,14.8
04M372,ESPERANZA PREPARATORY ACADEMY,10.1
05M369,URBAN ASSEMBLY SCHOOL FOR THE PERFORMING ARTS,13.7
05M367,ACADEMY FOR SOCIAL ACTION: A COLLEGE BOARD SCHOOL,11.3
05M362,COLUMBIA SECONDARY SCHOOL,16.8
06M348,WASHINGTON HEIGHTS EXPEDITIONARY LEARNING SCHOOL,13.5
06M346,COMMUNITY HEALTH ACADEMY OF THE HEIGHTS,13
02M316,"URBAN ASSEMBLY SCHOOL OF BUSINESS FOR YOUNG WOMEN, THE",16.3
02M313,"JAMES BALDWIN SCHOOL, THE: A SCHOOL FOR EXPEDITIONARY LEARNING",14.9
02M308,LOWER MANHATTAN ARTS ACADEMY,13.4
03M307,"URBAN ASSEMBLY SCHOOL FOR MEDIA STUDIES, THE",15
02M305,"URBAN ASSEMBLY ACADEMY OF GOVERNMENT AND LAW, THE",13.3
05M304,MOTT HALL HIGH SCHOOL,19.2
02M303,"FACING HISTORY SCHOOL, THE",12.1
02M300,"URBAN ASSEMBLY SCHOOL OF DESIGN AND CONSTRUCTION, THE",14.9
03M299,"HIGH SCHOOL FOR ARTS, IMAGINATION AND INQUIRY",14.3
02M298,PACE HIGH SCHOOL,15.7
02M296,HIGH SCHOOL OF HOSPITALITY MANAGEMENT,14.7
02M294,ESSEX STREET ACADEMY,13.8
06M293,CITY COLLEGE ACADEMY OF THE ARTS,15.7
01M292,HENRY STREET SCHOOL FOR INTERNATIONAL STUDIES,8.9
02M288,FOOD AND FINANCE HIGH SCHOOL,14.1
05M285,HARLEM RENAISSANCE HIGH SCHOOL,13.3
02M282,URBAN ASSEMBLY MAKER ACADEMY,13
02M280,MANHATTAN EARLY COLLEGE SCHOOL FOR ADVERTISING,13.1
02M260,M.S. 260 CLINTON SCHOOL WRITERS & ARTISTS,15.8
06M211,INWOOD EARLY COLLEGE FOR HEALTH AND INFORMATION TECHNOLOGIES,11.9
05M157,THE URBAN ASSEMBLY SCHOOL FOR GLOBAL COMMERCE,11.2
02M139,STEPHEN T. MATHER BUILDING ARTS & CRAFTSMANSHIP HIGH SCHOOL,10.2
02M135,THE URBAN ASSEMBLY SCHOOL FOR EMERGENCY MANAGEMENT,10.7
02M047,47 THE AMERICAN SIGN LANGUAGE AND ENGLISH SECONDARY SCHOOL,10.6
16K765,NELSON MANDELA HIGH SCHOOL,13.8
19K764,THE URBAN ASSEMBLY SCHOOL FOR COLLABORATIVE HEALTHCARE,12.8
17K751,ACADEMY FOR HEALTH CAREERS,11.8
17K745,BROOKLYN INSTITUTE FOR LIBERAL ARTS,14
21K728,LIBERATION DIPLOMA PLUS,19.7
15K698,SOUTH BROOKLYN COMMUNITY HIGH SCHOOL,14.6
23K697,TEACHERS PREPARATORY HIGH SCHOOL,13.1
21K690,BROOKLYN STUDIO SECONDARY SCHOOL,16.9
16K688,THE BROOKLYN ACADEMY OF GLOBAL FINANCE,10.2
14K685,EL PUENTE ACADEMY FOR PEACE AND JUSTICE,16.3
15K684,MILLENNIUM BROOKLYN HS,10
19K683,"THE SCHOOL FOR CLASSICS: AN ACADEMY OF THINKERS, WRITERS AND PEFORMERS",15.6
13K674,"CITY POLYTECHNIC HIGH SCHOOL OF ENGINEERING, ARCHITECTURE, AND TECHNOLOGY",16
18K673,EAST BROOKLYN COMMUNITY HIGH SCHOOL,22.5
13K670,BENJAMIN BANNEKER ACADEMY,21.8
16K669,RESEARCH AND SERVICE HIGH SCHOOL,17.3
15K667,SUNSET PARK HIGH SCHOOL,11.8
19K660,W. H. MAXWELL CAREER AND TECHNICAL EDUCATION HIGH SCHOOL,11
19K659,CYPRESS HILLS COLLEGIATE PREPARATORY SCHOOL,9.7
15K656,BROOKLYN HIGH SCHOOL OF THE ARTS,16.3
23K647,METROPOLITAN DIPLOMA PLUS HIGH SCHOOL,12.8
23K646,ASPIRATIONS DIPLOMA PLUS HIGH SCHOOL,13.7
23K644,EAGLE ACADEMY FOR YOUNG MEN II,15.9
23K643,BROOKLYN DEMOCRACY ACADEMY,13.9
18K642,URBAN ACTION ACADEMY,13
19K639,BROOKLYN LAB SCHOOL,14.3
18K637,ACADEMY FOR CONSERVATION AND THE ENVIRONMENT,12.4
18K635,OLYMPUS ACADEMY,10.1
18K633,HIGH SCHOOL FOR MEDICAL PROFESSIONS,15.4
14K632,FRANCES PERKINS ACADEMY,8.4
22K630,PROFESSIONAL PATHWAYS HIGH SCHOOL,11.5
18K629,CULTURAL ACADEMY FOR THE ARTS AND SCIENCES,13.3
21K620,WILLIAM E. GRADY CAREER AND TECHNICAL EDUCATION HIGH SCHOOL,15.9
19K618,ACADEMY OF INNOVATIVE TECHNOLOGY,10.1
18K617,HIGH SCHOOL FOR INNOVATION IN ADVERTISING AND MEDIA,12.5
13K616,BROOKLYN HIGH SCHOOL FOR LEADERSHIP AND COMMUNITY SERVICE,14.9
19K615,TRANSIT TECH CAREER AND TECHNICAL EDUCATION HIGH SCHOOL,14.3
14K614,YOUNG WOMEN'S LEADERSHIP SCHOOL OF BROOKLYN,12.5
22K611,ORIGINS HIGH SCHOOL,14.4
14K610,AUTOMOTIVE HIGH SCHOOL,11.2
20K609,URBAN ASSEMBLY SCHOOL FOR CRIMINAL JUSTICE,13
13K605,GEORGE WESTINGHOUSE CAREER AND TECHNICAL EDUCATION HIGH SCHOOL,17.8
17K600,CLARA BARTON HIGH SCHOOL,15.2
13K595,BEDFORD ACADEMY HIGH SCHOOL,18.7
16K594,GOTHAM PROFESSIONAL ARTS ACADEMY,11.8
15K592,KHALIL GIBRAN INTERNATIONAL ACADEMY,10
17K590,MEDGAR EVERS COLLEGE PREPARATORY SCHOOL,20.4
18K589,ARTS & MEDIA PREPARATORY ACADEMY,12.8
18K588,MIDDLE SCHOOL FOR ART AND PHILOSOPHY,17.7
14K586,LYONS COMMUNITY SCHOOL,11.4
19K583,MULTICULTURAL HIGH SCHOOL,11.3
18K578,BROOKLYN BRIDGE ACADEMY,16.2
18K576,VICTORY COLLEGIATE HIGH SCHOOL,14.1
13K575,BEDFORD STUYVESANT PREPARATORY HIGH SCHOOL,14
21K572,EXPEDITIONARY LEARNING SCHOOL FOR COMMUNITY LEADERS,12
18K569,KURT HAHN EXPEDITIONARY LEARNING SCHOOL,13.8
17K568,BROWNSVILLE ACADEMY HIGH SCHOOL,11.5
18K567,BROOKLYN THEATRE ARTS HIGH SCHOOL,19
18K566,BROOKLYN GENERATION SCHOOL,11.1
32K564,BUSHWICK COMMUNITY HIGH SCHOOL,14.7
18K563,IT TAKES A VILLAGE ACADEMY,13.8
14K561,WILLIAMSBURG PREPARATORY SCHOOL,17.2
21K559,LIFE ACADEMY HIGH SCHOOL FOR FILM AND MUSIC,15
14K558,WILLIAMSBURG HIGH SCHOOL FOR ARCHITECTURE AND DESIGN,15.4
32K556,BUSHWICK LEADERS HIGH SCHOOL FOR ACADEMIC EXCELLENCE,11.4
22K555,BROOKLYN COLLEGE ACADEMY,21
32K554,ALL CITY LEADERSHIP SECONDARY SCHOOL,22.4
13K553,BROOKLYN ACADEMY HIGH SCHOOL,14.7
32K552,ACADEMY OF URBAN PLANNING,11.5
32K549,BUSHWICK SCHOOL FOR SOCIAL JUSTICE,12.5
17K548,BROOKLYN SCHOOL FOR MUSIC & THEATRE,14
17K547,BROOKLYN ACADEMY OF SCIENCE AND THE ENVIRONMENT,13.7
17K546,HIGH SCHOOL FOR PUBLIC SERVICE: HEROES OF TOMORROW,17.7
32K545,EBC HIGH SCHOOL FOR PUBLIC SERVICE - BUSHWICK,15
17K543,"SCIENCE, TECHNOLOGY AND RESEARCH EARLY COLLEGE HIGH SCHOOL AT ERASMUS",18.4
21K540,JOHN DEWEY HIGH SCHOOL,17.7
17K539,HIGH SCHOOL FOR SERVICE & LEARNING AT ERASMUS,18.4
17K537,HIGH SCHOOL FOR YOUTH AND COMMUNITY DEVELOPMENT AT ERASMUS,20.2
22K535,LEON M. GOLDSTEIN HIGH SCHOOL FOR THE SCIENCES,18.7
17K533,SCHOOL FOR DEMOCRACY AND LEADERSHIP,10.6
17K531,"SCHOOL FOR HUMAN RIGHTS, THE",15.7
15K529,WEST BROOKLYN COMMUNITY HIGH SCHOOL,12.9
17K528,THE HIGH SCHOOL FOR GLOBAL CITIZENSHIP,16.6
13K527,URBAN ASSEMBLY INSTITUTE OF MATH AND SCIENCE FOR YOUNG WOMEN,13
21K525,EDWARD R. MURROW HIGH SCHOOL,19.2
17K524,INTERNATIONAL HIGH SCHOOL AT PROSPECT HEIGHTS,13.5
15K519,COBBLE HILL SCHOOL OF AMERICAN STUDIES,16.7
23K514,FREDERICK DOUGLASS ACADEMY VII HIGH SCHOOL,13.1
19K510,WORLD ACADEMY FOR TOTAL COMMUNITY HEALTH HIGH SCHOOL,13.2
19K507,PERFORMING ARTS AND TECHNOLOGY HIGH SCHOOL,15.3
20K505,FRANKLIN DELANO ROOSEVELT HIGH SCHOOL,15.9
19K504,HIGH SCHOOL FOR CIVIL RIGHTS,14.5
19K502,FDNY HIGH SCHOOL FOR FIRE AND LIFE SAFETY,15.5
13K499,ACORN COMMUNITY HIGH SCHOOL,12.7
16K498,BROOKLYN HIGH SCHOOL FOR LAW AND TECHNOLOGY,19.2
15K497,SCHOOL FOR INTERNATIONAL STUDIES,14.4
22K495,SHEEPSHEAD BAY HIGH SCHOOL,8.4
23K493,BROOKLYN COLLEGIATE: A COLLEGE BOARD SCHOOL,13.5
20K490,FORT HAMILTON HIGH SCHOOL,21.4
17K489,W.E.B. DUBOIS ACADEMIC HIGH SCHOOL,15.7
14K488,BROOKLYN PREPARATORY HIGH SCHOOL,15
20K485,HIGH SCHOOL OF TELECOMMUNICATION ARTS AND TECHNOLOGY,16.7
13K483,THE URBAN ASSEMBLY SCHOOL FOR LAW AND JUSTICE,14.8
14K478,"THE HIGH SCHOOL FOR ENTERPRISE, BUSINESS AND TECHNOLOGY",15.6
14K477,SCHOOL FOR LEGAL STUDIES,14.1
14K474,PROGRESS HIGH SCHOOL FOR PROFESSIONAL CAREERS,15.4
21K468,KINGSBOROUGH EARLY COLLEGE SCHOOL,14.7
15K464,PARK SLOPE COLLEGIATE,14.4
15K463,SECONDARY SCHOOL FOR JOURNALISM,12.9
15K462,SECONDARY SCHOOL FOR LAW,13.8
16K455,BOYS AND GIRLS HIGH SCHOOL,10.4
14K454,GREEN SCHOOL: AN ACADEMY FOR ENVIRONMENTAL CAREERS,12
14K449,"BROOKLYN LATIN SCHOOL, THE",14.7
15K448,BROOKLYN SECONDARY SCHOOL FOR COLLABORATIVE STUDIES,11.2
20K445,NEW UTRECHT HIGH SCHOOL,18.6
13K439,BROOKLYN INTERNATIONAL HIGH SCHOOL,16.1
13K430,BROOKLYN TECHNICAL HIGH SCHOOL,22.1
15K429,BROOKLYN SCHOOL FOR GLOBAL STUDIES,10.7
22K425,JAMES MADISON HIGH SCHOOL,20.6
15K423,BROOKLYN FRONTIERS HIGH SCHOOL,7.4
19K422,SPRING CREEK COMMUNITY SCHOOL,11.7
13K419,"SCIENCE SKILLS CENTER HIGH SCHOOL FOR SCIENCE, TECHNOLOGY AND THE CREATIVE ARTS",15.7
13K412,"BROOKLYN COMMUNITY HIGH SCHOOL OF COMMUNICATION, ARTS AND MEDIA",13.8
21K410,ABRAHAM LINCOLN HIGH SCHOOL,16.9
19K409,EAST NEW YORK FAMILY ACADEMY,14.4
17K408,ACADEMY OF HOSPITALITY AND TOURISM,11.5
22K405,MIDWOOD HIGH SCHOOL,23.8
19K404,ACADEMY FOR YOUNG WRITERS,14
32K403,ACADEMY FOR ENVIRONMENTAL LEADERSHIP,10.6
16K393,FREDERICK DOUGLASS ACADEMY IV SECONDARY SCHOOL,6.7
17K382,ACADEMY FOR COLLEGE PREPARATION AND CAREER EXPLORATION: A COLLEGE BOARD SCHOOL,14.7
23K363,BROWNSVILLE COLLABORATIVE MIDDLE SCHOOL,7.5
13K350,URBAN ASSEMBLY HIGH SCHOOL OF MUSIC AND ART,14.9
21K348,HIGH SCHOOL OF SPORTS MANAGEMENT,14.9
21K344,RACHEL CARSON HIGH SCHOOL FOR COASTAL STUDIES,16.6
21K337,INTERNATIONAL HIGH SCHOOL AT LAFAYETTE,15.2
14K322,FOUNDATIONS ACADEMY,5.5
13K265,DR. SUSAN S. MCKINNEY SECONDARY SCHOOL OF THE ARTS,13.6
20K227,J.H.S. 227 EDWARD B. SHALLOW,16.6
20K223,J.H.S. 223 THE MONTAUK,14.9
32K168,THE BROOKLYN SCHOOL FOR MATH AND RESEARCH,13.6
17K122,PATHWAYS IN TECHNOLOGY EARLY COLLEGE HIGH SCHOOL (P-TECH),19.8
14K071,JUAN MOREL CAMPOS SECONDARY SCHOOL,10.7
18K068,I.S. 068 ISAAC BILDERSEE,10.2
